cname,shuffle,clevel,chunksize,named_chunksize,variant_chunksize,sample_chunksize,nchunks,dim_order,CompressionRatio,ArrayName,input_data
zstd+Quantize,2,7,"(10000, 1000)","v10000,s1000",10000,1000,30,"(0, 1)",55.9,call_AB,real_data/data/WGS/chr22.zarr
zstd+Quantize,2,7,"(1000, 1000)","v1000,s1000",1000,1000,291,"(0, 1)",55.8,call_AB,real_data/data/WGS/chr22.zarr
zstd+Quantize,0,7,"(10000, 1000)","v10000,s1000",10000,1000,30,"(0, 1)",50.4,call_AB,real_data/data/WGS/chr22.zarr
zstd+Quantize,0,7,"(1000, 1000)","v1000,s1000",1000,1000,291,"(0, 1)",50.3,call_AB,real_data/data/WGS/chr22.zarr
zstd+Quantize,2,7,"(10000, 100)","v10000,s100",10000,100,260,"(0, 1)",49.2,call_AB,real_data/data/WGS/chr22.zarr
zstd+Quantize,2,7,"(1000, 100)","v1000,s100",1000,100,2522,"(0, 1)",48.7,call_AB,real_data/data/WGS/chr22.zarr
zstd+Quantize,0,7,"(10000, 100)","v10000,s100",10000,100,260,"(0, 1)",47.5,call_AB,real_data/data/WGS/chr22.zarr
zstd+Quantize,0,7,"(1000, 100)","v1000,s100",1000,100,2522,"(0, 1)",46.9,call_AB,real_data/data/WGS/chr22.zarr
zstd+Quantize,1,7,"(10000, 1000)","v10000,s1000",10000,1000,30,"(0, 1)",38.6,call_AB,real_data/data/WGS/chr22.zarr
zstd+Quantize,1,7,"(1000, 1000)","v1000,s1000",1000,1000,291,"(0, 1)",38.6,call_AB,real_data/data/WGS/chr22.zarr
zstd+Quantize,1,7,"(10000, 100)","v10000,s100",10000,100,260,"(0, 1)",35.9,call_AB,real_data/data/WGS/chr22.zarr
zstd+Quantize,1,7,"(1000, 100)","v1000,s100",1000,100,2522,"(0, 1)",34.8,call_AB,real_data/data/WGS/chr22.zarr
zstd+Quantize,0,7,"(1000, 1000)","s1000,v1000",1000,1000,291,"(1, 0)",34.2,call_AB,real_data/data/WGS/chr22.zarr
zstd+Quantize,0,7,"(100, 1000)","s100,v1000",1000,100,2522,"(1, 0)",33.4,call_AB,real_data/data/WGS/chr22.zarr
zstd+Quantize,2,7,"(1000, 1000)","s1000,v1000",1000,1000,291,"(1, 0)",33.4,call_AB,real_data/data/WGS/chr22.zarr
zstd+Quantize,2,7,"(100, 1000)","s100,v1000",1000,100,2522,"(1, 0)",32.9,call_AB,real_data/data/WGS/chr22.zarr
zstd,0,7,"(10000, 1000)","v10000,s1000",10000,1000,30,"(0, 1)",29.8,call_AB,real_data/data/WGS/chr22.zarr
zstd,0,7,"(1000, 1000)","v1000,s1000",1000,1000,291,"(0, 1)",29.7,call_AB,real_data/data/WGS/chr22.zarr
zstd+Quantize,0,7,"(1000, 10000)","s1000,v10000",10000,1000,30,"(1, 0)",28.0,call_AB,real_data/data/WGS/chr22.zarr
zstd+Quantize,2,7,"(100, 10000)","s100,v10000",10000,100,260,"(1, 0)",27.9,call_AB,real_data/data/WGS/chr22.zarr
zstd+Quantize,0,7,"(100, 10000)","s100,v10000",10000,100,260,"(1, 0)",27.9,call_AB,real_data/data/WGS/chr22.zarr
zstd,0,7,"(10000, 100)","v10000,s100",10000,100,260,"(0, 1)",27.9,call_AB,real_data/data/WGS/chr22.zarr
zstd+Quantize,2,7,"(1000, 10000)","s1000,v10000",10000,1000,30,"(1, 0)",27.9,call_AB,real_data/data/WGS/chr22.zarr
zstd,0,7,"(1000, 100)","v1000,s100",1000,100,2522,"(0, 1)",27.4,call_AB,real_data/data/WGS/chr22.zarr
zstd+Quantize,1,7,"(1000, 1000)","s1000,v1000",1000,1000,291,"(1, 0)",23.9,call_AB,real_data/data/WGS/chr22.zarr
zstd+Quantize,1,7,"(100, 1000)","s100,v1000",1000,100,2522,"(1, 0)",23.3,call_AB,real_data/data/WGS/chr22.zarr
zstd,0,7,"(1000, 1000)","s1000,v1000",1000,1000,291,"(1, 0)",20.9,call_AB,real_data/data/WGS/chr22.zarr
zstd,0,7,"(100, 1000)","s100,v1000",1000,100,2522,"(1, 0)",20.6,call_AB,real_data/data/WGS/chr22.zarr
zstd,0,7,"(100, 10000)","s100,v10000",10000,100,260,"(1, 0)",19.8,call_AB,real_data/data/WGS/chr22.zarr
zstd,0,7,"(1000, 10000)","s1000,v10000",10000,1000,30,"(1, 0)",19.8,call_AB,real_data/data/WGS/chr22.zarr
zstd+Quantize,1,7,"(1000, 10000)","s1000,v10000",10000,1000,30,"(1, 0)",19.4,call_AB,real_data/data/WGS/chr22.zarr
zstd+Quantize,1,7,"(100, 10000)","s100,v10000",10000,100,260,"(1, 0)",19.3,call_AB,real_data/data/WGS/chr22.zarr
zstd,1,7,"(10000, 1000)","v10000,s1000",10000,1000,30,"(0, 1)",16.6,call_AB,real_data/data/WGS/chr22.zarr
zstd,1,7,"(1000, 1000)","v1000,s1000",1000,1000,291,"(0, 1)",16.5,call_AB,real_data/data/WGS/chr22.zarr
zstd,1,7,"(10000, 100)","v10000,s100",10000,100,260,"(0, 1)",15.8,call_AB,real_data/data/WGS/chr22.zarr
zstd,1,7,"(1000, 100)","v1000,s100",1000,100,2522,"(0, 1)",14.9,call_AB,real_data/data/WGS/chr22.zarr
zstd,2,7,"(1000, 1000)","v1000,s1000",1000,1000,291,"(0, 1)",10.4,call_AB,real_data/data/WGS/chr22.zarr
zstd,2,7,"(10000, 1000)","v10000,s1000",10000,1000,30,"(0, 1)",10.4,call_AB,real_data/data/WGS/chr22.zarr
zstd,1,7,"(1000, 1000)","s1000,v1000",1000,1000,291,"(1, 0)",10.0,call_AB,real_data/data/WGS/chr22.zarr
zstd,1,7,"(100, 1000)","s100,v1000",1000,100,2522,"(1, 0)",9.7,call_AB,real_data/data/WGS/chr22.zarr
zstd,2,7,"(1000, 100)","v1000,s100",1000,100,2522,"(0, 1)",9.4,call_AB,real_data/data/WGS/chr22.zarr
zstd,2,7,"(10000, 100)","v10000,s100",10000,100,260,"(0, 1)",9.4,call_AB,real_data/data/WGS/chr22.zarr
zstd,1,7,"(100, 10000)","s100,v10000",10000,100,260,"(1, 0)",9.4,call_AB,real_data/data/WGS/chr22.zarr
zstd,1,7,"(1000, 10000)","s1000,v10000",10000,1000,30,"(1, 0)",9.4,call_AB,real_data/data/WGS/chr22.zarr
zstd,2,7,"(1000, 1000)","s1000,v1000",1000,1000,291,"(1, 0)",6.2,call_AB,real_data/data/WGS/chr22.zarr
zstd,2,7,"(100, 1000)","s100,v1000",1000,100,2522,"(1, 0)",6.1,call_AB,real_data/data/WGS/chr22.zarr
zstd,2,7,"(100, 10000)","s100,v10000",10000,100,260,"(1, 0)",5.5,call_AB,real_data/data/WGS/chr22.zarr
zstd,2,7,"(1000, 10000)","s1000,v10000",10000,1000,30,"(1, 0)",5.5,call_AB,real_data/data/WGS/chr22.zarr
zstd,1,7,"(7, 1000, 1000)","p7,v1000,s1000",1000,1000,291,"(2, 0, 1)",26.3,call_AD,real_data/data/WGS/chr22.zarr
zstd,1,7,"(7, 10000, 1000)","p7,v10000,s1000",10000,1000,30,"(2, 0, 1)",26.3,call_AD,real_data/data/WGS/chr22.zarr
zstd,1,7,"(10000, 7, 1000)","v10000,p7,s1000",10000,1000,30,"(0, 2, 1)",25.0,call_AD,real_data/data/WGS/chr22.zarr
zstd,1,7,"(1000, 7, 1000)","v1000,p7,s1000",1000,1000,291,"(0, 2, 1)",25.0,call_AD,real_data/data/WGS/chr22.zarr
zstd,1,7,"(7, 10000, 100)","p7,v10000,s100",10000,100,260,"(2, 0, 1)",24.8,call_AD,real_data/data/WGS/chr22.zarr
zstd,1,7,"(7, 1000, 100)","p7,v1000,s100",1000,100,2522,"(2, 0, 1)",24.5,call_AD,real_data/data/WGS/chr22.zarr
zstd,1,7,"(1000, 7, 100)","v1000,p7,s100",1000,100,2522,"(0, 2, 1)",23.4,call_AD,real_data/data/WGS/chr22.zarr
zstd,1,7,"(10000, 7, 100)","v10000,p7,s100",10000,100,260,"(0, 2, 1)",23.4,call_AD,real_data/data/WGS/chr22.zarr
zstd,2,7,"(7, 10000, 1000)","p7,v10000,s1000",10000,1000,30,"(2, 0, 1)",22.4,call_AD,real_data/data/WGS/chr22.zarr
zstd,2,7,"(7, 1000, 1000)","p7,v1000,s1000",1000,1000,291,"(2, 0, 1)",22.3,call_AD,real_data/data/WGS/chr22.zarr
zstd,0,7,"(7, 10000, 1000)","p7,v10000,s1000",10000,1000,30,"(2, 0, 1)",22.1,call_AD,real_data/data/WGS/chr22.zarr
zstd,0,7,"(7, 1000, 1000)","p7,v1000,s1000",1000,1000,291,"(2, 0, 1)",22.0,call_AD,real_data/data/WGS/chr22.zarr
zstd,1,7,"(7, 1000, 1000)","p7,s1000,v1000",1000,1000,291,"(2, 1, 0)",21.9,call_AD,real_data/data/WGS/chr22.zarr
zstd,0,7,"(7, 10000, 100)","p7,v10000,s100",10000,100,260,"(2, 0, 1)",21.3,call_AD,real_data/data/WGS/chr22.zarr
zstd,0,7,"(7, 1000, 100)","p7,v1000,s100",1000,100,2522,"(2, 0, 1)",21.2,call_AD,real_data/data/WGS/chr22.zarr
zstd,1,7,"(7, 100, 1000)","p7,s100,v1000",1000,100,2522,"(2, 1, 0)",21.0,call_AD,real_data/data/WGS/chr22.zarr
zstd,2,7,"(10000, 7, 1000)","v10000,p7,s1000",10000,1000,30,"(0, 2, 1)",20.6,call_AD,real_data/data/WGS/chr22.zarr
zstd,2,7,"(1000, 7, 1000)","v1000,p7,s1000",1000,1000,291,"(0, 2, 1)",20.6,call_AD,real_data/data/WGS/chr22.zarr
zstd,1,7,"(7, 1000, 10000)","p7,s1000,v10000",10000,1000,30,"(2, 1, 0)",20.4,call_AD,real_data/data/WGS/chr22.zarr
zstd,1,7,"(7, 100, 10000)","p7,s100,v10000",10000,100,260,"(2, 1, 0)",20.3,call_AD,real_data/data/WGS/chr22.zarr
zstd,0,7,"(1000, 7, 1000)","v1000,p7,s1000",1000,1000,291,"(0, 2, 1)",20.3,call_AD,real_data/data/WGS/chr22.zarr
zstd,0,7,"(10000, 7, 1000)","v10000,p7,s1000",10000,1000,30,"(0, 2, 1)",20.3,call_AD,real_data/data/WGS/chr22.zarr
zstd,0,7,"(7, 1000, 1000)","p7,s1000,v1000",1000,1000,291,"(2, 1, 0)",20.0,call_AD,real_data/data/WGS/chr22.zarr
zstd,2,7,"(7, 1000, 1000)","p7,s1000,v1000",1000,1000,291,"(2, 1, 0)",19.7,call_AD,real_data/data/WGS/chr22.zarr
zstd,0,7,"(7, 100, 1000)","p7,s100,v1000",1000,100,2522,"(2, 1, 0)",19.4,call_AD,real_data/data/WGS/chr22.zarr
zstd,1,7,"(1000, 7, 1000)","s1000,p7,v1000",1000,1000,291,"(1, 2, 0)",19.3,call_AD,real_data/data/WGS/chr22.zarr
zstd,1,7,"(100, 7, 1000)","s100,p7,v1000",1000,100,2522,"(1, 2, 0)",19.3,call_AD,real_data/data/WGS/chr22.zarr
zstd,0,7,"(10000, 7, 100)","v10000,p7,s100",10000,100,260,"(0, 2, 1)",19.2,call_AD,real_data/data/WGS/chr22.zarr
zstd,0,7,"(1000, 7, 100)","v1000,p7,s100",1000,100,2522,"(0, 2, 1)",19.2,call_AD,real_data/data/WGS/chr22.zarr
zstd,0,7,"(7, 1000, 10000)","p7,s1000,v10000",10000,1000,30,"(2, 1, 0)",18.7,call_AD,real_data/data/WGS/chr22.zarr
zstd,2,7,"(7, 10000, 100)","p7,v10000,s100",10000,100,260,"(2, 0, 1)",18.7,call_AD,real_data/data/WGS/chr22.zarr
zstd,0,7,"(7, 100, 10000)","p7,s100,v10000",10000,100,260,"(2, 1, 0)",18.6,call_AD,real_data/data/WGS/chr22.zarr
zstd,2,7,"(7, 100, 1000)","p7,s100,v1000",1000,100,2522,"(2, 1, 0)",18.6,call_AD,real_data/data/WGS/chr22.zarr
zstd,2,7,"(7, 1000, 100)","p7,v1000,s100",1000,100,2522,"(2, 0, 1)",18.4,call_AD,real_data/data/WGS/chr22.zarr
zstd,2,7,"(7, 1000, 10000)","p7,s1000,v10000",10000,1000,30,"(2, 1, 0)",18.3,call_AD,real_data/data/WGS/chr22.zarr
zstd,2,7,"(7, 100, 10000)","p7,s100,v10000",10000,100,260,"(2, 1, 0)",18.2,call_AD,real_data/data/WGS/chr22.zarr
zstd,1,7,"(1000, 1000, 7)","v1000,s1000,p7",1000,1000,291,"(0, 1, 2)",18.1,call_AD,real_data/data/WGS/chr22.zarr
zstd,1,7,"(10000, 1000, 7)","v10000,s1000,p7",10000,1000,30,"(0, 1, 2)",18.1,call_AD,real_data/data/WGS/chr22.zarr
zstd,1,7,"(1000, 100, 7)","v1000,s100,p7",1000,100,2522,"(0, 1, 2)",17.6,call_AD,real_data/data/WGS/chr22.zarr
zstd,1,7,"(10000, 100, 7)","v10000,s100,p7",10000,100,260,"(0, 1, 2)",17.6,call_AD,real_data/data/WGS/chr22.zarr
zstd,2,7,"(1000, 7, 1000)","s1000,p7,v1000",1000,1000,291,"(1, 2, 0)",17.5,call_AD,real_data/data/WGS/chr22.zarr
zstd,2,7,"(100, 7, 1000)","s100,p7,v1000",1000,100,2522,"(1, 2, 0)",17.5,call_AD,real_data/data/WGS/chr22.zarr
zstd,0,7,"(1000, 7, 1000)","s1000,p7,v1000",1000,1000,291,"(1, 2, 0)",17.3,call_AD,real_data/data/WGS/chr22.zarr
zstd,0,7,"(100, 7, 1000)","s100,p7,v1000",1000,100,2522,"(1, 2, 0)",17.3,call_AD,real_data/data/WGS/chr22.zarr
zstd,1,7,"(1000, 7, 10000)","s1000,p7,v10000",10000,1000,30,"(1, 2, 0)",17.2,call_AD,real_data/data/WGS/chr22.zarr
zstd,1,7,"(100, 7, 10000)","s100,p7,v10000",10000,100,260,"(1, 2, 0)",17.1,call_AD,real_data/data/WGS/chr22.zarr
zstd,0,7,"(1000, 1000, 7)","v1000,s1000,p7",1000,1000,291,"(0, 1, 2)",16.4,call_AD,real_data/data/WGS/chr22.zarr
zstd,2,7,"(1000, 7, 100)","v1000,p7,s100",1000,100,2522,"(0, 2, 1)",16.4,call_AD,real_data/data/WGS/chr22.zarr
zstd,2,7,"(10000, 7, 100)","v10000,p7,s100",10000,100,260,"(0, 2, 1)",16.4,call_AD,real_data/data/WGS/chr22.zarr
zstd,0,7,"(10000, 1000, 7)","v10000,s1000,p7",10000,1000,30,"(0, 1, 2)",16.4,call_AD,real_data/data/WGS/chr22.zarr
zstd,2,7,"(1000, 7, 10000)","s1000,p7,v10000",10000,1000,30,"(1, 2, 0)",16.2,call_AD,real_data/data/WGS/chr22.zarr
zstd,2,7,"(100, 7, 10000)","s100,p7,v10000",10000,100,260,"(1, 2, 0)",16.2,call_AD,real_data/data/WGS/chr22.zarr
zstd,0,7,"(100, 7, 10000)","s100,p7,v10000",10000,100,260,"(1, 2, 0)",16.0,call_AD,real_data/data/WGS/chr22.zarr
zstd,0,7,"(1000, 7, 10000)","s1000,p7,v10000",10000,1000,30,"(1, 2, 0)",16.0,call_AD,real_data/data/WGS/chr22.zarr
zstd,0,7,"(1000, 100, 7)","v1000,s100,p7",1000,100,2522,"(0, 1, 2)",15.7,call_AD,real_data/data/WGS/chr22.zarr
zstd,0,7,"(10000, 100, 7)","v10000,s100,p7",10000,100,260,"(0, 1, 2)",15.7,call_AD,real_data/data/WGS/chr22.zarr
zstd,1,7,"(1000, 1000, 7)","s1000,v1000,p7",1000,1000,291,"(1, 0, 2)",15.6,call_AD,real_data/data/WGS/chr22.zarr
zstd,1,7,"(100, 1000, 7)","s100,v1000,p7",1000,100,2522,"(1, 0, 2)",15.5,call_AD,real_data/data/WGS/chr22.zarr
zstd,1,7,"(100, 10000, 7)","s100,v10000,p7",10000,100,260,"(1, 0, 2)",14.2,call_AD,real_data/data/WGS/chr22.zarr
zstd,1,7,"(1000, 10000, 7)","s1000,v10000,p7",10000,1000,30,"(1, 0, 2)",14.2,call_AD,real_data/data/WGS/chr22.zarr
zstd,0,7,"(1000, 1000, 7)","s1000,v1000,p7",1000,1000,291,"(1, 0, 2)",13.5,call_AD,real_data/data/WGS/chr22.zarr
zstd,0,7,"(100, 1000, 7)","s100,v1000,p7",1000,100,2522,"(1, 0, 2)",13.4,call_AD,real_data/data/WGS/chr22.zarr
zstd,0,7,"(100, 10000, 7)","s100,v10000,p7",10000,100,260,"(1, 0, 2)",13.0,call_AD,real_data/data/WGS/chr22.zarr
zstd,0,7,"(1000, 10000, 7)","s1000,v10000,p7",10000,1000,30,"(1, 0, 2)",13.0,call_AD,real_data/data/WGS/chr22.zarr
zstd,2,7,"(1000, 1000, 7)","v1000,s1000,p7",1000,1000,291,"(0, 1, 2)",12.7,call_AD,real_data/data/WGS/chr22.zarr
zstd,2,7,"(10000, 1000, 7)","v10000,s1000,p7",10000,1000,30,"(0, 1, 2)",12.7,call_AD,real_data/data/WGS/chr22.zarr
zstd,2,7,"(1000, 1000, 7)","s1000,v1000,p7",1000,1000,291,"(1, 0, 2)",11.6,call_AD,real_data/data/WGS/chr22.zarr
zstd,2,7,"(100, 1000, 7)","s100,v1000,p7",1000,100,2522,"(1, 0, 2)",11.5,call_AD,real_data/data/WGS/chr22.zarr
zstd,2,7,"(10000, 100, 7)","v10000,s100,p7",10000,100,260,"(0, 1, 2)",10.9,call_AD,real_data/data/WGS/chr22.zarr
zstd,2,7,"(1000, 100, 7)","v1000,s100,p7",1000,100,2522,"(0, 1, 2)",10.8,call_AD,real_data/data/WGS/chr22.zarr
zstd,2,7,"(1000, 10000, 7)","s1000,v10000,p7",10000,1000,30,"(1, 0, 2)",9.4,call_AD,real_data/data/WGS/chr22.zarr
zstd,2,7,"(100, 10000, 7)","s100,v10000,p7",10000,100,260,"(1, 0, 2)",9.3,call_AD,real_data/data/WGS/chr22.zarr
zstd,1,7,"(1000, 1000)","v1000,s1000",1000,1000,291,"(0, 1)",4.9,call_DP,real_data/data/WGS/chr22.zarr
zstd,1,7,"(10000, 1000)","v10000,s1000",10000,1000,30,"(0, 1)",4.9,call_DP,real_data/data/WGS/chr22.zarr
zstd,1,7,"(100, 1000)","s100,v1000",1000,100,2522,"(1, 0)",4.8,call_DP,real_data/data/WGS/chr22.zarr
zstd,1,7,"(1000, 1000)","s1000,v1000",1000,1000,291,"(1, 0)",4.7,call_DP,real_data/data/WGS/chr22.zarr
zstd,1,7,"(10000, 100)","v10000,s100",10000,100,260,"(0, 1)",4.7,call_DP,real_data/data/WGS/chr22.zarr
zstd,1,7,"(1000, 100)","v1000,s100",1000,100,2522,"(0, 1)",4.7,call_DP,real_data/data/WGS/chr22.zarr
zstd,1,7,"(1000, 10000)","s1000,v10000",10000,1000,30,"(1, 0)",4.4,call_DP,real_data/data/WGS/chr22.zarr
zstd,0,7,"(1000, 1000)","s1000,v1000",1000,1000,291,"(1, 0)",4.4,call_DP,real_data/data/WGS/chr22.zarr
zstd,1,7,"(100, 10000)","s100,v10000",10000,100,260,"(1, 0)",4.4,call_DP,real_data/data/WGS/chr22.zarr
zstd,2,7,"(100, 1000)","s100,v1000",1000,100,2522,"(1, 0)",4.3,call_DP,real_data/data/WGS/chr22.zarr
zstd,2,7,"(1000, 1000)","s1000,v1000",1000,1000,291,"(1, 0)",4.3,call_DP,real_data/data/WGS/chr22.zarr
zstd,0,7,"(100, 1000)","s100,v1000",1000,100,2522,"(1, 0)",4.3,call_DP,real_data/data/WGS/chr22.zarr
zstd,0,7,"(1000, 10000)","s1000,v10000",10000,1000,30,"(1, 0)",4.2,call_DP,real_data/data/WGS/chr22.zarr
zstd,2,7,"(1000, 10000)","s1000,v10000",10000,1000,30,"(1, 0)",4.2,call_DP,real_data/data/WGS/chr22.zarr
zstd,0,7,"(100, 10000)","s100,v10000",10000,100,260,"(1, 0)",4.2,call_DP,real_data/data/WGS/chr22.zarr
zstd,2,7,"(100, 10000)","s100,v10000",10000,100,260,"(1, 0)",4.2,call_DP,real_data/data/WGS/chr22.zarr
zstd,0,7,"(10000, 1000)","v10000,s1000",10000,1000,30,"(0, 1)",4.1,call_DP,real_data/data/WGS/chr22.zarr
zstd,2,7,"(10000, 1000)","v10000,s1000",10000,1000,30,"(0, 1)",4.1,call_DP,real_data/data/WGS/chr22.zarr
zstd,0,7,"(1000, 100)","v1000,s100",1000,100,2522,"(0, 1)",4.1,call_DP,real_data/data/WGS/chr22.zarr
zstd,2,7,"(1000, 1000)","v1000,s1000",1000,1000,291,"(0, 1)",4.1,call_DP,real_data/data/WGS/chr22.zarr
zstd,0,7,"(1000, 1000)","v1000,s1000",1000,1000,291,"(0, 1)",4.1,call_DP,real_data/data/WGS/chr22.zarr
zstd,0,7,"(10000, 100)","v10000,s100",10000,100,260,"(0, 1)",4.0,call_DP,real_data/data/WGS/chr22.zarr
zstd,2,7,"(10000, 100)","v10000,s100",10000,100,260,"(0, 1)",3.4,call_DP,real_data/data/WGS/chr22.zarr
zstd,2,7,"(1000, 100)","v1000,s100",1000,100,2522,"(0, 1)",3.4,call_DP,real_data/data/WGS/chr22.zarr
zstd,0,7,"(1000, 100)","v1000,s100",1000,100,2522,"(0, 1)",4.0,call_GQ,real_data/data/WGS/chr22.zarr
zstd,1,7,"(1000, 100)","v1000,s100",1000,100,2522,"(0, 1)",4.0,call_GQ,real_data/data/WGS/chr22.zarr
zstd,0,7,"(1000, 1000)","s1000,v1000",1000,1000,291,"(1, 0)",4.0,call_GQ,real_data/data/WGS/chr22.zarr
zstd,1,7,"(1000, 1000)","s1000,v1000",1000,1000,291,"(1, 0)",4.0,call_GQ,real_data/data/WGS/chr22.zarr
zstd,0,7,"(100, 1000)","s100,v1000",1000,100,2522,"(1, 0)",3.9,call_GQ,real_data/data/WGS/chr22.zarr
zstd,1,7,"(1000, 10000)","s1000,v10000",10000,1000,30,"(1, 0)",3.9,call_GQ,real_data/data/WGS/chr22.zarr
zstd,1,7,"(10000, 1000)","v10000,s1000",10000,1000,30,"(0, 1)",3.9,call_GQ,real_data/data/WGS/chr22.zarr
zstd,0,7,"(1000, 10000)","s1000,v10000",10000,1000,30,"(1, 0)",3.9,call_GQ,real_data/data/WGS/chr22.zarr
zstd,0,7,"(10000, 1000)","v10000,s1000",10000,1000,30,"(0, 1)",3.9,call_GQ,real_data/data/WGS/chr22.zarr
zstd,1,7,"(100, 10000)","s100,v10000",10000,100,260,"(1, 0)",3.9,call_GQ,real_data/data/WGS/chr22.zarr
zstd,1,7,"(10000, 100)","v10000,s100",10000,100,260,"(0, 1)",3.9,call_GQ,real_data/data/WGS/chr22.zarr
zstd,0,7,"(100, 10000)","s100,v10000",10000,100,260,"(1, 0)",3.9,call_GQ,real_data/data/WGS/chr22.zarr
zstd,0,7,"(10000, 100)","v10000,s100",10000,100,260,"(0, 1)",3.9,call_GQ,real_data/data/WGS/chr22.zarr
zstd,1,7,"(1000, 1000)","v1000,s1000",1000,1000,291,"(0, 1)",3.9,call_GQ,real_data/data/WGS/chr22.zarr
zstd,0,7,"(1000, 1000)","v1000,s1000",1000,1000,291,"(0, 1)",3.9,call_GQ,real_data/data/WGS/chr22.zarr
zstd,1,7,"(100, 1000)","s100,v1000",1000,100,2522,"(1, 0)",3.9,call_GQ,real_data/data/WGS/chr22.zarr
zstd,2,7,"(1000, 1000)","s1000,v1000",1000,1000,291,"(1, 0)",2.7,call_GQ,real_data/data/WGS/chr22.zarr
zstd,2,7,"(1000, 1000)","v1000,s1000",1000,1000,291,"(0, 1)",2.6,call_GQ,real_data/data/WGS/chr22.zarr
zstd,2,7,"(100, 1000)","s100,v1000",1000,100,2522,"(1, 0)",2.6,call_GQ,real_data/data/WGS/chr22.zarr
zstd,2,7,"(10000, 1000)","v10000,s1000",10000,1000,30,"(0, 1)",2.6,call_GQ,real_data/data/WGS/chr22.zarr
zstd,2,7,"(10000, 100)","v10000,s100",10000,100,260,"(0, 1)",2.5,call_GQ,real_data/data/WGS/chr22.zarr
zstd,2,7,"(100, 10000)","s100,v10000",10000,100,260,"(1, 0)",2.5,call_GQ,real_data/data/WGS/chr22.zarr
zstd,2,7,"(1000, 100)","v1000,s100",1000,100,2522,"(0, 1)",2.5,call_GQ,real_data/data/WGS/chr22.zarr
zstd,2,7,"(1000, 10000)","s1000,v10000",10000,1000,30,"(1, 0)",2.5,call_GQ,real_data/data/WGS/chr22.zarr
zstd,0,7,"(10000, 100)","v10000,s100",10000,100,260,"(0, 1)",8928.6,call_MIN_DP,real_data/data/WGS/chr22.zarr
zstd,1,7,"(10000, 100)","v10000,s100",10000,100,260,"(0, 1)",8928.6,call_MIN_DP,real_data/data/WGS/chr22.zarr
zstd,1,7,"(1000, 10000)","s1000,v10000",10000,1000,30,"(1, 0)",8783.6,call_MIN_DP,real_data/data/WGS/chr22.zarr
zstd,0,7,"(1000, 10000)","s1000,v10000",10000,1000,30,"(1, 0)",8783.6,call_MIN_DP,real_data/data/WGS/chr22.zarr
zstd,2,7,"(10000, 100)","v10000,s100",10000,100,260,"(0, 1)",8655.5,call_MIN_DP,real_data/data/WGS/chr22.zarr
zstd,0,7,"(100, 10000)","s100,v10000",10000,100,260,"(1, 0)",8583.3,call_MIN_DP,real_data/data/WGS/chr22.zarr
zstd,1,7,"(100, 10000)","s100,v10000",10000,100,260,"(1, 0)",8583.3,call_MIN_DP,real_data/data/WGS/chr22.zarr
zstd,2,7,"(1000, 10000)","s1000,v10000",10000,1000,30,"(1, 0)",8550.8,call_MIN_DP,real_data/data/WGS/chr22.zarr
zstd,2,7,"(100, 10000)","s100,v10000",10000,100,260,"(1, 0)",8384.1,call_MIN_DP,real_data/data/WGS/chr22.zarr
zstd,1,7,"(1000, 1000)","s1000,v1000",1000,1000,291,"(1, 0)",7854.4,call_MIN_DP,real_data/data/WGS/chr22.zarr
zstd,0,7,"(1000, 1000)","s1000,v1000",1000,1000,291,"(1, 0)",7854.4,call_MIN_DP,real_data/data/WGS/chr22.zarr
zstd,2,7,"(1000, 1000)","s1000,v1000",1000,1000,291,"(1, 0)",7342.7,call_MIN_DP,real_data/data/WGS/chr22.zarr
zstd,0,7,"(10000, 1000)","v10000,s1000",10000,1000,30,"(0, 1)",7274.6,call_MIN_DP,real_data/data/WGS/chr22.zarr
zstd,1,7,"(10000, 1000)","v10000,s1000",10000,1000,30,"(0, 1)",7274.6,call_MIN_DP,real_data/data/WGS/chr22.zarr
zstd,1,7,"(1000, 1000)","v1000,s1000",1000,1000,291,"(0, 1)",6724.9,call_MIN_DP,real_data/data/WGS/chr22.zarr
zstd,0,7,"(1000, 1000)","v1000,s1000",1000,1000,291,"(0, 1)",6724.9,call_MIN_DP,real_data/data/WGS/chr22.zarr
zstd,2,7,"(10000, 1000)","v10000,s1000",10000,1000,30,"(0, 1)",6040.4,call_MIN_DP,real_data/data/WGS/chr22.zarr
zstd,2,7,"(1000, 1000)","v1000,s1000",1000,1000,291,"(0, 1)",5461.7,call_MIN_DP,real_data/data/WGS/chr22.zarr
zstd,0,7,"(100, 1000)","s100,v1000",1000,100,2522,"(1, 0)",2111.9,call_MIN_DP,real_data/data/WGS/chr22.zarr
zstd,1,7,"(100, 1000)","s100,v1000",1000,100,2522,"(1, 0)",2111.9,call_MIN_DP,real_data/data/WGS/chr22.zarr
zstd,1,7,"(1000, 100)","v1000,s100",1000,100,2522,"(0, 1)",2108.5,call_MIN_DP,real_data/data/WGS/chr22.zarr
zstd,0,7,"(1000, 100)","v1000,s100",1000,100,2522,"(0, 1)",2108.5,call_MIN_DP,real_data/data/WGS/chr22.zarr
zstd,2,7,"(100, 1000)","s100,v1000",1000,100,2522,"(1, 0)",2102.6,call_MIN_DP,real_data/data/WGS/chr22.zarr
zstd,2,7,"(1000, 100)","v1000,s100",1000,100,2522,"(0, 1)",2073.3,call_MIN_DP,real_data/data/WGS/chr22.zarr
zstd,0,7,"(10000, 100)","v10000,s100",10000,100,260,"(0, 1)",8928.6,call_MQ0,real_data/data/WGS/chr22.zarr
zstd,1,7,"(10000, 100)","v10000,s100",10000,100,260,"(0, 1)",8928.6,call_MQ0,real_data/data/WGS/chr22.zarr
zstd,1,7,"(1000, 10000)","s1000,v10000",10000,1000,30,"(1, 0)",8783.6,call_MQ0,real_data/data/WGS/chr22.zarr
zstd,0,7,"(1000, 10000)","s1000,v10000",10000,1000,30,"(1, 0)",8783.6,call_MQ0,real_data/data/WGS/chr22.zarr
zstd,2,7,"(10000, 100)","v10000,s100",10000,100,260,"(0, 1)",8655.5,call_MQ0,real_data/data/WGS/chr22.zarr
zstd,0,7,"(100, 10000)","s100,v10000",10000,100,260,"(1, 0)",8583.3,call_MQ0,real_data/data/WGS/chr22.zarr
zstd,1,7,"(100, 10000)","s100,v10000",10000,100,260,"(1, 0)",8583.3,call_MQ0,real_data/data/WGS/chr22.zarr
zstd,2,7,"(1000, 10000)","s1000,v10000",10000,1000,30,"(1, 0)",8550.8,call_MQ0,real_data/data/WGS/chr22.zarr
zstd,2,7,"(100, 10000)","s100,v10000",10000,100,260,"(1, 0)",8384.1,call_MQ0,real_data/data/WGS/chr22.zarr
zstd,1,7,"(1000, 1000)","s1000,v1000",1000,1000,291,"(1, 0)",7854.4,call_MQ0,real_data/data/WGS/chr22.zarr
zstd,0,7,"(1000, 1000)","s1000,v1000",1000,1000,291,"(1, 0)",7854.4,call_MQ0,real_data/data/WGS/chr22.zarr
zstd,2,7,"(1000, 1000)","s1000,v1000",1000,1000,291,"(1, 0)",7342.7,call_MQ0,real_data/data/WGS/chr22.zarr
zstd,0,7,"(10000, 1000)","v10000,s1000",10000,1000,30,"(0, 1)",7274.6,call_MQ0,real_data/data/WGS/chr22.zarr
zstd,1,7,"(10000, 1000)","v10000,s1000",10000,1000,30,"(0, 1)",7274.6,call_MQ0,real_data/data/WGS/chr22.zarr
zstd,1,7,"(1000, 1000)","v1000,s1000",1000,1000,291,"(0, 1)",6724.9,call_MQ0,real_data/data/WGS/chr22.zarr
zstd,0,7,"(1000, 1000)","v1000,s1000",1000,1000,291,"(0, 1)",6724.9,call_MQ0,real_data/data/WGS/chr22.zarr
zstd,2,7,"(10000, 1000)","v10000,s1000",10000,1000,30,"(0, 1)",6040.4,call_MQ0,real_data/data/WGS/chr22.zarr
zstd,2,7,"(1000, 1000)","v1000,s1000",1000,1000,291,"(0, 1)",5461.7,call_MQ0,real_data/data/WGS/chr22.zarr
zstd,0,7,"(100, 1000)","s100,v1000",1000,100,2522,"(1, 0)",2111.9,call_MQ0,real_data/data/WGS/chr22.zarr
zstd,1,7,"(100, 1000)","s100,v1000",1000,100,2522,"(1, 0)",2111.9,call_MQ0,real_data/data/WGS/chr22.zarr
zstd,1,7,"(1000, 100)","v1000,s100",1000,100,2522,"(0, 1)",2108.5,call_MQ0,real_data/data/WGS/chr22.zarr
zstd,0,7,"(1000, 100)","v1000,s100",1000,100,2522,"(0, 1)",2108.5,call_MQ0,real_data/data/WGS/chr22.zarr
zstd,2,7,"(100, 1000)","s100,v1000",1000,100,2522,"(1, 0)",2102.6,call_MQ0,real_data/data/WGS/chr22.zarr
zstd,2,7,"(1000, 100)","v1000,s100",1000,100,2522,"(0, 1)",2073.3,call_MQ0,real_data/data/WGS/chr22.zarr
zstd,1,7,"(10000, 1000)","v10000,s1000",10000,1000,30,"(0, 1)",275.3,call_PGT,real_data/data/WGS/chr22.zarr
zstd,0,7,"(10000, 1000)","v10000,s1000",10000,1000,30,"(0, 1)",275.3,call_PGT,real_data/data/WGS/chr22.zarr
zstd,0,7,"(1000, 1000)","v1000,s1000",1000,1000,291,"(0, 1)",274.9,call_PGT,real_data/data/WGS/chr22.zarr
zstd,1,7,"(1000, 1000)","v1000,s1000",1000,1000,291,"(0, 1)",274.9,call_PGT,real_data/data/WGS/chr22.zarr
zstd,0,7,"(10000, 100)","v10000,s100",10000,100,260,"(0, 1)",264.2,call_PGT,real_data/data/WGS/chr22.zarr
zstd,1,7,"(10000, 100)","v10000,s100",10000,100,260,"(0, 1)",264.2,call_PGT,real_data/data/WGS/chr22.zarr
zstd,0,7,"(1000, 100)","v1000,s100",1000,100,2522,"(0, 1)",262.2,call_PGT,real_data/data/WGS/chr22.zarr
zstd,1,7,"(1000, 100)","v1000,s100",1000,100,2522,"(0, 1)",262.2,call_PGT,real_data/data/WGS/chr22.zarr
zstd,0,7,"(1000, 1000)","s1000,v1000",1000,1000,291,"(1, 0)",201.3,call_PGT,real_data/data/WGS/chr22.zarr
zstd,1,7,"(1000, 1000)","s1000,v1000",1000,1000,291,"(1, 0)",201.3,call_PGT,real_data/data/WGS/chr22.zarr
zstd,1,7,"(100, 1000)","s100,v1000",1000,100,2522,"(1, 0)",200.3,call_PGT,real_data/data/WGS/chr22.zarr
zstd,0,7,"(100, 1000)","s100,v1000",1000,100,2522,"(1, 0)",200.3,call_PGT,real_data/data/WGS/chr22.zarr
zstd,1,7,"(1000, 10000)","s1000,v10000",10000,1000,30,"(1, 0)",151.1,call_PGT,real_data/data/WGS/chr22.zarr
zstd,0,7,"(1000, 10000)","s1000,v10000",10000,1000,30,"(1, 0)",151.1,call_PGT,real_data/data/WGS/chr22.zarr
zstd,1,7,"(100, 10000)","s100,v10000",10000,100,260,"(1, 0)",151.0,call_PGT,real_data/data/WGS/chr22.zarr
zstd,0,7,"(100, 10000)","s100,v10000",10000,100,260,"(1, 0)",151.0,call_PGT,real_data/data/WGS/chr22.zarr
zstd,2,7,"(1000, 100)","v1000,s100",1000,100,2522,"(0, 1)",117.5,call_PGT,real_data/data/WGS/chr22.zarr
zstd,2,7,"(100, 1000)","s100,v1000",1000,100,2522,"(1, 0)",98.5,call_PGT,real_data/data/WGS/chr22.zarr
zstd,2,7,"(1000, 1000)","v1000,s1000",1000,1000,291,"(0, 1)",55.9,call_PGT,real_data/data/WGS/chr22.zarr
zstd,2,7,"(10000, 1000)","v10000,s1000",10000,1000,30,"(0, 1)",53.8,call_PGT,real_data/data/WGS/chr22.zarr
zstd,2,7,"(10000, 100)","v10000,s100",10000,100,260,"(0, 1)",51.7,call_PGT,real_data/data/WGS/chr22.zarr
zstd,2,7,"(1000, 1000)","s1000,v1000",1000,1000,291,"(1, 0)",44.9,call_PGT,real_data/data/WGS/chr22.zarr
zstd,2,7,"(100, 10000)","s100,v10000",10000,100,260,"(1, 0)",31.6,call_PGT,real_data/data/WGS/chr22.zarr
zstd,2,7,"(1000, 10000)","s1000,v10000",10000,1000,30,"(1, 0)",30.4,call_PGT,real_data/data/WGS/chr22.zarr
zstd,1,7,"(10000, 1000)","v10000,s1000",10000,1000,30,"(0, 1)",214.4,call_PID,real_data/data/WGS/chr22.zarr
zstd,0,7,"(10000, 1000)","v10000,s1000",10000,1000,30,"(0, 1)",214.4,call_PID,real_data/data/WGS/chr22.zarr
zstd,0,7,"(1000, 1000)","v1000,s1000",1000,1000,291,"(0, 1)",214.1,call_PID,real_data/data/WGS/chr22.zarr
zstd,1,7,"(1000, 1000)","v1000,s1000",1000,1000,291,"(0, 1)",214.1,call_PID,real_data/data/WGS/chr22.zarr
zstd,0,7,"(10000, 100)","v10000,s100",10000,100,260,"(0, 1)",178.2,call_PID,real_data/data/WGS/chr22.zarr
zstd,1,7,"(10000, 100)","v10000,s100",10000,100,260,"(0, 1)",178.2,call_PID,real_data/data/WGS/chr22.zarr
zstd,0,7,"(1000, 100)","v1000,s100",1000,100,2522,"(0, 1)",174.8,call_PID,real_data/data/WGS/chr22.zarr
zstd,1,7,"(1000, 100)","v1000,s100",1000,100,2522,"(0, 1)",174.8,call_PID,real_data/data/WGS/chr22.zarr
zstd,0,7,"(1000, 1000)","s1000,v1000",1000,1000,291,"(1, 0)",143.6,call_PID,real_data/data/WGS/chr22.zarr
zstd,1,7,"(1000, 1000)","s1000,v1000",1000,1000,291,"(1, 0)",143.6,call_PID,real_data/data/WGS/chr22.zarr
zstd,1,7,"(100, 1000)","s100,v1000",1000,100,2522,"(1, 0)",133.1,call_PID,real_data/data/WGS/chr22.zarr
zstd,0,7,"(100, 1000)","s100,v1000",1000,100,2522,"(1, 0)",133.1,call_PID,real_data/data/WGS/chr22.zarr
zstd,1,7,"(1000, 10000)","s1000,v10000",10000,1000,30,"(1, 0)",77.6,call_PID,real_data/data/WGS/chr22.zarr
zstd,0,7,"(1000, 10000)","s1000,v10000",10000,1000,30,"(1, 0)",77.6,call_PID,real_data/data/WGS/chr22.zarr
zstd,1,7,"(100, 10000)","s100,v10000",10000,100,260,"(1, 0)",77.2,call_PID,real_data/data/WGS/chr22.zarr
zstd,0,7,"(100, 10000)","s100,v10000",10000,100,260,"(1, 0)",77.2,call_PID,real_data/data/WGS/chr22.zarr
zstd,2,7,"(1000, 1000)","v1000,s1000",1000,1000,291,"(0, 1)",31.2,call_PID,real_data/data/WGS/chr22.zarr
zstd,2,7,"(10000, 1000)","v10000,s1000",10000,1000,30,"(0, 1)",30.2,call_PID,real_data/data/WGS/chr22.zarr
zstd,2,7,"(1000, 100)","v1000,s100",1000,100,2522,"(0, 1)",27.5,call_PID,real_data/data/WGS/chr22.zarr
zstd,2,7,"(10000, 100)","v10000,s100",10000,100,260,"(0, 1)",25.2,call_PID,real_data/data/WGS/chr22.zarr
zstd,2,7,"(100, 1000)","s100,v1000",1000,100,2522,"(1, 0)",24.6,call_PID,real_data/data/WGS/chr22.zarr
zstd,2,7,"(1000, 1000)","s1000,v1000",1000,1000,291,"(1, 0)",22.5,call_PID,real_data/data/WGS/chr22.zarr
zstd,2,7,"(100, 10000)","s100,v10000",10000,100,260,"(1, 0)",14.1,call_PID,real_data/data/WGS/chr22.zarr
zstd,2,7,"(1000, 10000)","s1000,v10000",10000,1000,30,"(1, 0)",13.5,call_PID,real_data/data/WGS/chr22.zarr
zstd,0,7,"(10000, 100)","v10000,s100",10000,100,260,"(0, 1)",8928.6,call_RGQ,real_data/data/WGS/chr22.zarr
zstd,1,7,"(10000, 100)","v10000,s100",10000,100,260,"(0, 1)",8928.6,call_RGQ,real_data/data/WGS/chr22.zarr
zstd,1,7,"(1000, 10000)","s1000,v10000",10000,1000,30,"(1, 0)",8783.6,call_RGQ,real_data/data/WGS/chr22.zarr
zstd,0,7,"(1000, 10000)","s1000,v10000",10000,1000,30,"(1, 0)",8783.6,call_RGQ,real_data/data/WGS/chr22.zarr
zstd,2,7,"(10000, 100)","v10000,s100",10000,100,260,"(0, 1)",8655.5,call_RGQ,real_data/data/WGS/chr22.zarr
zstd,0,7,"(100, 10000)","s100,v10000",10000,100,260,"(1, 0)",8583.3,call_RGQ,real_data/data/WGS/chr22.zarr
zstd,1,7,"(100, 10000)","s100,v10000",10000,100,260,"(1, 0)",8583.3,call_RGQ,real_data/data/WGS/chr22.zarr
zstd,2,7,"(1000, 10000)","s1000,v10000",10000,1000,30,"(1, 0)",8550.8,call_RGQ,real_data/data/WGS/chr22.zarr
zstd,2,7,"(100, 10000)","s100,v10000",10000,100,260,"(1, 0)",8384.1,call_RGQ,real_data/data/WGS/chr22.zarr
zstd,1,7,"(1000, 1000)","s1000,v1000",1000,1000,291,"(1, 0)",7854.4,call_RGQ,real_data/data/WGS/chr22.zarr
zstd,0,7,"(1000, 1000)","s1000,v1000",1000,1000,291,"(1, 0)",7854.4,call_RGQ,real_data/data/WGS/chr22.zarr
zstd,2,7,"(1000, 1000)","s1000,v1000",1000,1000,291,"(1, 0)",7342.7,call_RGQ,real_data/data/WGS/chr22.zarr
zstd,0,7,"(10000, 1000)","v10000,s1000",10000,1000,30,"(0, 1)",7274.6,call_RGQ,real_data/data/WGS/chr22.zarr
zstd,1,7,"(10000, 1000)","v10000,s1000",10000,1000,30,"(0, 1)",7274.6,call_RGQ,real_data/data/WGS/chr22.zarr
zstd,1,7,"(1000, 1000)","v1000,s1000",1000,1000,291,"(0, 1)",6724.9,call_RGQ,real_data/data/WGS/chr22.zarr
zstd,0,7,"(1000, 1000)","v1000,s1000",1000,1000,291,"(0, 1)",6724.9,call_RGQ,real_data/data/WGS/chr22.zarr
zstd,2,7,"(10000, 1000)","v10000,s1000",10000,1000,30,"(0, 1)",6040.4,call_RGQ,real_data/data/WGS/chr22.zarr
zstd,2,7,"(1000, 1000)","v1000,s1000",1000,1000,291,"(0, 1)",5461.7,call_RGQ,real_data/data/WGS/chr22.zarr
zstd,0,7,"(100, 1000)","s100,v1000",1000,100,2522,"(1, 0)",2111.9,call_RGQ,real_data/data/WGS/chr22.zarr
zstd,1,7,"(100, 1000)","s100,v1000",1000,100,2522,"(1, 0)",2111.9,call_RGQ,real_data/data/WGS/chr22.zarr
zstd,1,7,"(1000, 100)","v1000,s100",1000,100,2522,"(0, 1)",2108.5,call_RGQ,real_data/data/WGS/chr22.zarr
zstd,0,7,"(1000, 100)","v1000,s100",1000,100,2522,"(0, 1)",2108.5,call_RGQ,real_data/data/WGS/chr22.zarr
zstd,2,7,"(100, 1000)","s100,v1000",1000,100,2522,"(1, 0)",2102.6,call_RGQ,real_data/data/WGS/chr22.zarr
zstd,2,7,"(1000, 100)","v1000,s100",1000,100,2522,"(0, 1)",2073.3,call_RGQ,real_data/data/WGS/chr22.zarr
zstd,0,7,"(10000, 100)","v10000,s100",10000,100,260,"(0, 1)",8928.6,call_SB,real_data/data/WGS/chr22.zarr
zstd,1,7,"(10000, 100)","v10000,s100",10000,100,260,"(0, 1)",8928.6,call_SB,real_data/data/WGS/chr22.zarr
zstd,1,7,"(1000, 10000)","s1000,v10000",10000,1000,30,"(1, 0)",8783.6,call_SB,real_data/data/WGS/chr22.zarr
zstd,0,7,"(1000, 10000)","s1000,v10000",10000,1000,30,"(1, 0)",8783.6,call_SB,real_data/data/WGS/chr22.zarr
zstd,2,7,"(10000, 100)","v10000,s100",10000,100,260,"(0, 1)",8655.5,call_SB,real_data/data/WGS/chr22.zarr
zstd,0,7,"(100, 10000)","s100,v10000",10000,100,260,"(1, 0)",8583.3,call_SB,real_data/data/WGS/chr22.zarr
zstd,1,7,"(100, 10000)","s100,v10000",10000,100,260,"(1, 0)",8583.3,call_SB,real_data/data/WGS/chr22.zarr
zstd,2,7,"(1000, 10000)","s1000,v10000",10000,1000,30,"(1, 0)",8550.8,call_SB,real_data/data/WGS/chr22.zarr
zstd,2,7,"(100, 10000)","s100,v10000",10000,100,260,"(1, 0)",8384.1,call_SB,real_data/data/WGS/chr22.zarr
zstd,1,7,"(1000, 1000)","s1000,v1000",1000,1000,291,"(1, 0)",7854.4,call_SB,real_data/data/WGS/chr22.zarr
zstd,0,7,"(1000, 1000)","s1000,v1000",1000,1000,291,"(1, 0)",7854.4,call_SB,real_data/data/WGS/chr22.zarr
zstd,2,7,"(1000, 1000)","s1000,v1000",1000,1000,291,"(1, 0)",7342.7,call_SB,real_data/data/WGS/chr22.zarr
zstd,0,7,"(10000, 1000)","v10000,s1000",10000,1000,30,"(0, 1)",7274.6,call_SB,real_data/data/WGS/chr22.zarr
zstd,1,7,"(10000, 1000)","v10000,s1000",10000,1000,30,"(0, 1)",7274.6,call_SB,real_data/data/WGS/chr22.zarr
zstd,1,7,"(1000, 1000)","v1000,s1000",1000,1000,291,"(0, 1)",6724.9,call_SB,real_data/data/WGS/chr22.zarr
zstd,0,7,"(1000, 1000)","v1000,s1000",1000,1000,291,"(0, 1)",6724.9,call_SB,real_data/data/WGS/chr22.zarr
zstd,2,7,"(10000, 1000)","v10000,s1000",10000,1000,30,"(0, 1)",6040.4,call_SB,real_data/data/WGS/chr22.zarr
zstd,2,7,"(1000, 1000)","v1000,s1000",1000,1000,291,"(0, 1)",5461.7,call_SB,real_data/data/WGS/chr22.zarr
zstd,0,7,"(100, 1000)","s100,v1000",1000,100,2522,"(1, 0)",2111.9,call_SB,real_data/data/WGS/chr22.zarr
zstd,1,7,"(100, 1000)","s100,v1000",1000,100,2522,"(1, 0)",2111.9,call_SB,real_data/data/WGS/chr22.zarr
zstd,1,7,"(1000, 100)","v1000,s100",1000,100,2522,"(0, 1)",2108.5,call_SB,real_data/data/WGS/chr22.zarr
zstd,0,7,"(1000, 100)","v1000,s100",1000,100,2522,"(0, 1)",2108.5,call_SB,real_data/data/WGS/chr22.zarr
zstd,2,7,"(100, 1000)","s100,v1000",1000,100,2522,"(1, 0)",2102.6,call_SB,real_data/data/WGS/chr22.zarr
zstd,2,7,"(1000, 100)","v1000,s100",1000,100,2522,"(0, 1)",2073.3,call_SB,real_data/data/WGS/chr22.zarr
zstd,2,7,"(10000, 2, 1000)","v10000,p2,s1000",10000,1000,30,"(0, 2, 1)",62.6,call_genotype,real_data/data/WGS/chr22.zarr
zstd,2,7,"(1000, 2, 1000)","v1000,p2,s1000",1000,1000,291,"(0, 2, 1)",62.5,call_genotype,real_data/data/WGS/chr22.zarr
zstd,2,7,"(10000, 1000, 2)","v10000,s1000,p2",10000,1000,30,"(0, 1, 2)",60.3,call_genotype,real_data/data/WGS/chr22.zarr
zstd,2,7,"(1000, 1000, 2)","v1000,s1000,p2",1000,1000,291,"(0, 1, 2)",60.2,call_genotype,real_data/data/WGS/chr22.zarr
zstd,2,7,"(10000, 100, 2)","v10000,s100,p2",10000,100,260,"(0, 1, 2)",53.6,call_genotype,real_data/data/WGS/chr22.zarr
zstd,2,7,"(2, 10000, 1000)","p2,v10000,s1000",10000,1000,30,"(2, 0, 1)",52.9,call_genotype,real_data/data/WGS/chr22.zarr
zstd,2,7,"(2, 1000, 1000)","p2,v1000,s1000",1000,1000,291,"(2, 0, 1)",52.7,call_genotype,real_data/data/WGS/chr22.zarr
zstd,2,7,"(1000, 100, 2)","v1000,s100,p2",1000,100,2522,"(0, 1, 2)",51.4,call_genotype,real_data/data/WGS/chr22.zarr
zstd,2,7,"(2, 1000, 100)","p2,v1000,s100",1000,100,2522,"(2, 0, 1)",49.8,call_genotype,real_data/data/WGS/chr22.zarr
zstd,0,7,"(10000, 2, 1000)","v10000,p2,s1000",10000,1000,30,"(0, 2, 1)",48.7,call_genotype,real_data/data/WGS/chr22.zarr
zstd,1,7,"(10000, 2, 1000)","v10000,p2,s1000",10000,1000,30,"(0, 2, 1)",48.7,call_genotype,real_data/data/WGS/chr22.zarr
zstd,1,7,"(1000, 2, 1000)","v1000,p2,s1000",1000,1000,291,"(0, 2, 1)",48.6,call_genotype,real_data/data/WGS/chr22.zarr
zstd,0,7,"(1000, 2, 1000)","v1000,p2,s1000",1000,1000,291,"(0, 2, 1)",48.6,call_genotype,real_data/data/WGS/chr22.zarr
zstd,2,7,"(10000, 2, 100)","v10000,p2,s100",10000,100,260,"(0, 2, 1)",47.4,call_genotype,real_data/data/WGS/chr22.zarr
zstd,2,7,"(1000, 2, 100)","v1000,p2,s100",1000,100,2522,"(0, 2, 1)",45.3,call_genotype,real_data/data/WGS/chr22.zarr
zstd,1,7,"(1000, 1000, 2)","v1000,s1000,p2",1000,1000,291,"(0, 1, 2)",44.0,call_genotype,real_data/data/WGS/chr22.zarr
zstd,0,7,"(1000, 1000, 2)","v1000,s1000,p2",1000,1000,291,"(0, 1, 2)",44.0,call_genotype,real_data/data/WGS/chr22.zarr
zstd,0,7,"(10000, 1000, 2)","v10000,s1000,p2",10000,1000,30,"(0, 1, 2)",44.0,call_genotype,real_data/data/WGS/chr22.zarr
zstd,1,7,"(10000, 1000, 2)","v10000,s1000,p2",10000,1000,30,"(0, 1, 2)",44.0,call_genotype,real_data/data/WGS/chr22.zarr
zstd,0,7,"(10000, 2, 100)","v10000,p2,s100",10000,100,260,"(0, 2, 1)",43.2,call_genotype,real_data/data/WGS/chr22.zarr
zstd,1,7,"(10000, 2, 100)","v10000,p2,s100",10000,100,260,"(0, 2, 1)",43.2,call_genotype,real_data/data/WGS/chr22.zarr
zstd,0,7,"(2, 10000, 1000)","p2,v10000,s1000",10000,1000,30,"(2, 0, 1)",43.1,call_genotype,real_data/data/WGS/chr22.zarr
zstd,1,7,"(2, 10000, 1000)","p2,v10000,s1000",10000,1000,30,"(2, 0, 1)",43.1,call_genotype,real_data/data/WGS/chr22.zarr
zstd,0,7,"(2, 1000, 1000)","p2,v1000,s1000",1000,1000,291,"(2, 0, 1)",42.9,call_genotype,real_data/data/WGS/chr22.zarr
zstd,1,7,"(2, 1000, 1000)","p2,v1000,s1000",1000,1000,291,"(2, 0, 1)",42.9,call_genotype,real_data/data/WGS/chr22.zarr
zstd,2,7,"(2, 10000, 100)","p2,v10000,s100",10000,100,260,"(2, 0, 1)",42.0,call_genotype,real_data/data/WGS/chr22.zarr
zstd,1,7,"(2, 1000, 100)","p2,v1000,s100",1000,100,2522,"(2, 0, 1)",41.3,call_genotype,real_data/data/WGS/chr22.zarr
zstd,0,7,"(2, 1000, 100)","p2,v1000,s100",1000,100,2522,"(2, 0, 1)",41.3,call_genotype,real_data/data/WGS/chr22.zarr
zstd,1,7,"(10000, 100, 2)","v10000,s100,p2",10000,100,260,"(0, 1, 2)",41.2,call_genotype,real_data/data/WGS/chr22.zarr
zstd,0,7,"(10000, 100, 2)","v10000,s100,p2",10000,100,260,"(0, 1, 2)",41.2,call_genotype,real_data/data/WGS/chr22.zarr
zstd,2,7,"(1000, 1000, 2)","s1000,v1000,p2",1000,1000,291,"(1, 0, 2)",40.8,call_genotype,real_data/data/WGS/chr22.zarr
zstd,1,7,"(1000, 2, 100)","v1000,p2,s100",1000,100,2522,"(0, 2, 1)",40.1,call_genotype,real_data/data/WGS/chr22.zarr
zstd,0,7,"(1000, 2, 100)","v1000,p2,s100",1000,100,2522,"(0, 2, 1)",40.1,call_genotype,real_data/data/WGS/chr22.zarr
zstd,2,7,"(2, 100, 1000)","p2,s100,v1000",1000,100,2522,"(2, 1, 0)",39.7,call_genotype,real_data/data/WGS/chr22.zarr
zstd,1,7,"(2, 10000, 100)","p2,v10000,s100",10000,100,260,"(2, 0, 1)",39.1,call_genotype,real_data/data/WGS/chr22.zarr
zstd,0,7,"(2, 10000, 100)","p2,v10000,s100",10000,100,260,"(2, 0, 1)",39.1,call_genotype,real_data/data/WGS/chr22.zarr
zstd,2,7,"(1000, 2, 1000)","s1000,p2,v1000",1000,1000,291,"(1, 2, 0)",39.0,call_genotype,real_data/data/WGS/chr22.zarr
zstd,0,7,"(1000, 100, 2)","v1000,s100,p2",1000,100,2522,"(0, 1, 2)",37.9,call_genotype,real_data/data/WGS/chr22.zarr
zstd,2,7,"(100, 1000, 2)","s100,v1000,p2",1000,100,2522,"(1, 0, 2)",37.9,call_genotype,real_data/data/WGS/chr22.zarr
zstd,1,7,"(1000, 100, 2)","v1000,s100,p2",1000,100,2522,"(0, 1, 2)",37.9,call_genotype,real_data/data/WGS/chr22.zarr
zstd,2,7,"(2, 1000, 1000)","p2,s1000,v1000",1000,1000,291,"(2, 1, 0)",36.9,call_genotype,real_data/data/WGS/chr22.zarr
zstd,2,7,"(100, 2, 1000)","s100,p2,v1000",1000,100,2522,"(1, 2, 0)",36.9,call_genotype,real_data/data/WGS/chr22.zarr
zstd,1,7,"(1000, 2, 1000)","s1000,p2,v1000",1000,1000,291,"(1, 2, 0)",34.3,call_genotype,real_data/data/WGS/chr22.zarr
zstd,0,7,"(1000, 2, 1000)","s1000,p2,v1000",1000,1000,291,"(1, 2, 0)",34.3,call_genotype,real_data/data/WGS/chr22.zarr
zstd,1,7,"(2, 1000, 1000)","p2,s1000,v1000",1000,1000,291,"(2, 1, 0)",33.4,call_genotype,real_data/data/WGS/chr22.zarr
zstd,0,7,"(2, 1000, 1000)","p2,s1000,v1000",1000,1000,291,"(2, 1, 0)",33.4,call_genotype,real_data/data/WGS/chr22.zarr
zstd,1,7,"(1000, 1000, 2)","s1000,v1000,p2",1000,1000,291,"(1, 0, 2)",32.7,call_genotype,real_data/data/WGS/chr22.zarr
zstd,0,7,"(1000, 1000, 2)","s1000,v1000,p2",1000,1000,291,"(1, 0, 2)",32.7,call_genotype,real_data/data/WGS/chr22.zarr
zstd,2,7,"(1000, 2, 10000)","s1000,p2,v10000",10000,1000,30,"(1, 2, 0)",32.3,call_genotype,real_data/data/WGS/chr22.zarr
zstd,2,7,"(100, 2, 10000)","s100,p2,v10000",10000,100,260,"(1, 2, 0)",32.2,call_genotype,real_data/data/WGS/chr22.zarr
zstd,0,7,"(2, 100, 1000)","p2,s100,v1000",1000,100,2522,"(2, 1, 0)",32.0,call_genotype,real_data/data/WGS/chr22.zarr
zstd,1,7,"(2, 100, 1000)","p2,s100,v1000",1000,100,2522,"(2, 1, 0)",32.0,call_genotype,real_data/data/WGS/chr22.zarr
zstd,2,7,"(1000, 10000, 2)","s1000,v10000,p2",10000,1000,30,"(1, 0, 2)",31.7,call_genotype,real_data/data/WGS/chr22.zarr
zstd,2,7,"(100, 10000, 2)","s100,v10000,p2",10000,100,260,"(1, 0, 2)",31.6,call_genotype,real_data/data/WGS/chr22.zarr
zstd,0,7,"(100, 2, 1000)","s100,p2,v1000",1000,100,2522,"(1, 2, 0)",31.2,call_genotype,real_data/data/WGS/chr22.zarr
zstd,1,7,"(100, 2, 1000)","s100,p2,v1000",1000,100,2522,"(1, 2, 0)",31.2,call_genotype,real_data/data/WGS/chr22.zarr
zstd,2,7,"(2, 1000, 10000)","p2,s1000,v10000",10000,1000,30,"(2, 1, 0)",30.2,call_genotype,real_data/data/WGS/chr22.zarr
zstd,1,7,"(100, 1000, 2)","s100,v1000,p2",1000,100,2522,"(1, 0, 2)",29.8,call_genotype,real_data/data/WGS/chr22.zarr
zstd,0,7,"(100, 1000, 2)","s100,v1000,p2",1000,100,2522,"(1, 0, 2)",29.8,call_genotype,real_data/data/WGS/chr22.zarr
zstd,2,7,"(2, 100, 10000)","p2,s100,v10000",10000,100,260,"(2, 1, 0)",29.7,call_genotype,real_data/data/WGS/chr22.zarr
zstd,0,7,"(1000, 2, 10000)","s1000,p2,v10000",10000,1000,30,"(1, 2, 0)",27.3,call_genotype,real_data/data/WGS/chr22.zarr
zstd,1,7,"(1000, 2, 10000)","s1000,p2,v10000",10000,1000,30,"(1, 2, 0)",27.3,call_genotype,real_data/data/WGS/chr22.zarr
zstd,0,7,"(100, 2, 10000)","s100,p2,v10000",10000,100,260,"(1, 2, 0)",27.2,call_genotype,real_data/data/WGS/chr22.zarr
zstd,1,7,"(100, 2, 10000)","s100,p2,v10000",10000,100,260,"(1, 2, 0)",27.2,call_genotype,real_data/data/WGS/chr22.zarr
zstd,0,7,"(2, 1000, 10000)","p2,s1000,v10000",10000,1000,30,"(2, 1, 0)",27.0,call_genotype,real_data/data/WGS/chr22.zarr
zstd,1,7,"(2, 1000, 10000)","p2,s1000,v10000",10000,1000,30,"(2, 1, 0)",27.0,call_genotype,real_data/data/WGS/chr22.zarr
zstd,1,7,"(2, 100, 10000)","p2,s100,v10000",10000,100,260,"(2, 1, 0)",26.7,call_genotype,real_data/data/WGS/chr22.zarr
zstd,0,7,"(2, 100, 10000)","p2,s100,v10000",10000,100,260,"(2, 1, 0)",26.7,call_genotype,real_data/data/WGS/chr22.zarr
zstd,0,7,"(1000, 10000, 2)","s1000,v10000,p2",10000,1000,30,"(1, 0, 2)",25.2,call_genotype,real_data/data/WGS/chr22.zarr
zstd,1,7,"(1000, 10000, 2)","s1000,v10000,p2",10000,1000,30,"(1, 0, 2)",25.2,call_genotype,real_data/data/WGS/chr22.zarr
zstd,1,7,"(100, 10000, 2)","s100,v10000,p2",10000,100,260,"(1, 0, 2)",25.2,call_genotype,real_data/data/WGS/chr22.zarr
zstd,0,7,"(100, 10000, 2)","s100,v10000,p2",10000,100,260,"(1, 0, 2)",25.2,call_genotype,real_data/data/WGS/chr22.zarr
zstd+PackBits,1,7,"(1000, 1000, 2)","v1000,s1000,p2",1000,1000,291,"(0, 1, 2)",333.5,call_genotype_mask,real_data/data/WGS/chr22.zarr
zstd+PackBits,2,7,"(1000, 1000, 2)","v1000,s1000,p2",1000,1000,291,"(0, 1, 2)",333.5,call_genotype_mask,real_data/data/WGS/chr22.zarr
zstd+PackBits,0,7,"(1000, 1000, 2)","v1000,s1000,p2",1000,1000,291,"(0, 1, 2)",333.5,call_genotype_mask,real_data/data/WGS/chr22.zarr
zstd+PackBits,2,7,"(2, 1000, 1000)","p2,v1000,s1000",1000,1000,291,"(2, 0, 1)",330.3,call_genotype_mask,real_data/data/WGS/chr22.zarr
zstd+PackBits,1,7,"(2, 1000, 1000)","p2,v1000,s1000",1000,1000,291,"(2, 0, 1)",330.3,call_genotype_mask,real_data/data/WGS/chr22.zarr
zstd+PackBits,0,7,"(2, 1000, 1000)","p2,v1000,s1000",1000,1000,291,"(2, 0, 1)",330.3,call_genotype_mask,real_data/data/WGS/chr22.zarr
zstd+PackBits,2,7,"(2, 1000, 1000)","p2,s1000,v1000",1000,1000,291,"(2, 1, 0)",327.0,call_genotype_mask,real_data/data/WGS/chr22.zarr
zstd+PackBits,0,7,"(2, 1000, 1000)","p2,s1000,v1000",1000,1000,291,"(2, 1, 0)",327.0,call_genotype_mask,real_data/data/WGS/chr22.zarr
zstd+PackBits,1,7,"(2, 1000, 1000)","p2,s1000,v1000",1000,1000,291,"(2, 1, 0)",327.0,call_genotype_mask,real_data/data/WGS/chr22.zarr
zstd+PackBits,1,7,"(10000, 1000, 2)","v10000,s1000,p2",10000,1000,30,"(0, 1, 2)",322.2,call_genotype_mask,real_data/data/WGS/chr22.zarr
zstd+PackBits,0,7,"(10000, 1000, 2)","v10000,s1000,p2",10000,1000,30,"(0, 1, 2)",322.2,call_genotype_mask,real_data/data/WGS/chr22.zarr
zstd+PackBits,1,7,"(1000, 2, 1000)","v1000,p2,s1000",1000,1000,291,"(0, 2, 1)",315.9,call_genotype_mask,real_data/data/WGS/chr22.zarr
zstd+PackBits,2,7,"(1000, 2, 1000)","v1000,p2,s1000",1000,1000,291,"(0, 2, 1)",315.9,call_genotype_mask,real_data/data/WGS/chr22.zarr
zstd+PackBits,0,7,"(1000, 2, 1000)","v1000,p2,s1000",1000,1000,291,"(0, 2, 1)",315.9,call_genotype_mask,real_data/data/WGS/chr22.zarr
zstd,2,7,"(10000, 1000, 2)","v10000,s1000,p2",10000,1000,30,"(0, 1, 2)",313.4,call_genotype_mask,real_data/data/WGS/chr22.zarr
zstd,2,7,"(1000, 1000, 2)","v1000,s1000,p2",1000,1000,291,"(0, 1, 2)",312.3,call_genotype_mask,real_data/data/WGS/chr22.zarr
zstd+PackBits,1,7,"(10000, 100, 2)","v10000,s100,p2",10000,100,260,"(0, 1, 2)",310.2,call_genotype_mask,real_data/data/WGS/chr22.zarr
zstd+PackBits,0,7,"(10000, 100, 2)","v10000,s100,p2",10000,100,260,"(0, 1, 2)",310.2,call_genotype_mask,real_data/data/WGS/chr22.zarr
zstd+PackBits,2,7,"(10000, 100, 2)","v10000,s100,p2",10000,100,260,"(0, 1, 2)",310.2,call_genotype_mask,real_data/data/WGS/chr22.zarr
zstd+PackBits,1,7,"(10000, 2, 1000)","v10000,p2,s1000",10000,1000,30,"(0, 2, 1)",309.0,call_genotype_mask,real_data/data/WGS/chr22.zarr
zstd+PackBits,0,7,"(10000, 2, 1000)","v10000,p2,s1000",10000,1000,30,"(0, 2, 1)",309.0,call_genotype_mask,real_data/data/WGS/chr22.zarr
zstd,2,7,"(10000, 100, 2)","v10000,s100,p2",10000,100,260,"(0, 1, 2)",300.1,call_genotype_mask,real_data/data/WGS/chr22.zarr
zstd+PackBits,0,7,"(1000, 1000, 2)","s1000,v1000,p2",1000,1000,291,"(1, 0, 2)",296.7,call_genotype_mask,real_data/data/WGS/chr22.zarr
zstd+PackBits,1,7,"(1000, 1000, 2)","s1000,v1000,p2",1000,1000,291,"(1, 0, 2)",296.7,call_genotype_mask,real_data/data/WGS/chr22.zarr
zstd+PackBits,2,7,"(1000, 1000, 2)","s1000,v1000,p2",1000,1000,291,"(1, 0, 2)",296.7,call_genotype_mask,real_data/data/WGS/chr22.zarr
zstd,2,7,"(10000, 2, 1000)","v10000,p2,s1000",10000,1000,30,"(0, 2, 1)",296.4,call_genotype_mask,real_data/data/WGS/chr22.zarr
zstd,2,7,"(1000, 2, 1000)","v1000,p2,s1000",1000,1000,291,"(0, 2, 1)",295.4,call_genotype_mask,real_data/data/WGS/chr22.zarr
zstd,2,7,"(1000, 1000, 2)","s1000,v1000,p2",1000,1000,291,"(1, 0, 2)",287.5,call_genotype_mask,real_data/data/WGS/chr22.zarr
zstd+PackBits,0,7,"(2, 100, 10000)","p2,s100,v10000",10000,100,260,"(2, 1, 0)",285.5,call_genotype_mask,real_data/data/WGS/chr22.zarr
zstd+PackBits,1,7,"(2, 100, 10000)","p2,s100,v10000",10000,100,260,"(2, 1, 0)",285.5,call_genotype_mask,real_data/data/WGS/chr22.zarr
zstd+PackBits,2,7,"(2, 100, 10000)","p2,s100,v10000",10000,100,260,"(2, 1, 0)",285.5,call_genotype_mask,real_data/data/WGS/chr22.zarr
zstd+PackBits,2,7,"(1000, 100, 2)","v1000,s100,p2",1000,100,2522,"(0, 1, 2)",282.8,call_genotype_mask,real_data/data/WGS/chr22.zarr
zstd+PackBits,1,7,"(1000, 100, 2)","v1000,s100,p2",1000,100,2522,"(0, 1, 2)",282.8,call_genotype_mask,real_data/data/WGS/chr22.zarr
zstd+PackBits,0,7,"(1000, 100, 2)","v1000,s100,p2",1000,100,2522,"(0, 1, 2)",282.8,call_genotype_mask,real_data/data/WGS/chr22.zarr
zstd+PackBits,1,7,"(1000, 10000, 2)","s1000,v10000,p2",10000,1000,30,"(1, 0, 2)",281.5,call_genotype_mask,real_data/data/WGS/chr22.zarr
zstd+PackBits,0,7,"(1000, 10000, 2)","s1000,v10000,p2",10000,1000,30,"(1, 0, 2)",281.5,call_genotype_mask,real_data/data/WGS/chr22.zarr
zstd+PackBits,1,7,"(1000, 2, 10000)","s1000,p2,v10000",10000,1000,30,"(1, 2, 0)",278.3,call_genotype_mask,real_data/data/WGS/chr22.zarr
zstd,2,7,"(1000, 100, 2)","v1000,s100,p2",1000,100,2522,"(0, 1, 2)",278.3,call_genotype_mask,real_data/data/WGS/chr22.zarr
zstd+PackBits,0,7,"(1000, 2, 10000)","s1000,p2,v10000",10000,1000,30,"(1, 2, 0)",278.3,call_genotype_mask,real_data/data/WGS/chr22.zarr
zstd+PackBits,1,7,"(1000, 2, 1000)","s1000,p2,v1000",1000,1000,291,"(1, 2, 0)",275.9,call_genotype_mask,real_data/data/WGS/chr22.zarr
zstd+PackBits,2,7,"(1000, 2, 1000)","s1000,p2,v1000",1000,1000,291,"(1, 2, 0)",275.9,call_genotype_mask,real_data/data/WGS/chr22.zarr
zstd+PackBits,0,7,"(1000, 2, 1000)","s1000,p2,v1000",1000,1000,291,"(1, 2, 0)",275.9,call_genotype_mask,real_data/data/WGS/chr22.zarr
zstd+PackBits,0,7,"(2, 100, 1000)","p2,s100,v1000",1000,100,2522,"(2, 1, 0)",267.5,call_genotype_mask,real_data/data/WGS/chr22.zarr
zstd+PackBits,1,7,"(2, 100, 1000)","p2,s100,v1000",1000,100,2522,"(2, 1, 0)",267.5,call_genotype_mask,real_data/data/WGS/chr22.zarr
zstd+PackBits,2,7,"(2, 100, 1000)","p2,s100,v1000",1000,100,2522,"(2, 1, 0)",267.5,call_genotype_mask,real_data/data/WGS/chr22.zarr
zstd+PackBits,1,7,"(100, 2, 10000)","s100,p2,v10000",10000,100,260,"(1, 2, 0)",264.1,call_genotype_mask,real_data/data/WGS/chr22.zarr
zstd+PackBits,2,7,"(100, 2, 10000)","s100,p2,v10000",10000,100,260,"(1, 2, 0)",264.1,call_genotype_mask,real_data/data/WGS/chr22.zarr
zstd+PackBits,0,7,"(100, 2, 10000)","s100,p2,v10000",10000,100,260,"(1, 2, 0)",264.1,call_genotype_mask,real_data/data/WGS/chr22.zarr
zstd,2,7,"(2, 100, 1000)","p2,s100,v1000",1000,100,2522,"(2, 1, 0)",263.2,call_genotype_mask,real_data/data/WGS/chr22.zarr
zstd,2,7,"(1000, 2, 1000)","s1000,p2,v1000",1000,1000,291,"(1, 2, 0)",262.7,call_genotype_mask,real_data/data/WGS/chr22.zarr
zstd+PackBits,1,7,"(2, 10000, 100)","p2,v10000,s100",10000,100,260,"(2, 0, 1)",261.7,call_genotype_mask,real_data/data/WGS/chr22.zarr
zstd+PackBits,2,7,"(2, 10000, 100)","p2,v10000,s100",10000,100,260,"(2, 0, 1)",261.7,call_genotype_mask,real_data/data/WGS/chr22.zarr
zstd+PackBits,0,7,"(2, 10000, 100)","p2,v10000,s100",10000,100,260,"(2, 0, 1)",261.7,call_genotype_mask,real_data/data/WGS/chr22.zarr
zstd+PackBits,1,7,"(100, 10000, 2)","s100,v10000,p2",10000,100,260,"(1, 0, 2)",257.5,call_genotype_mask,real_data/data/WGS/chr22.zarr
zstd+PackBits,0,7,"(100, 10000, 2)","s100,v10000,p2",10000,100,260,"(1, 0, 2)",257.5,call_genotype_mask,real_data/data/WGS/chr22.zarr
zstd+PackBits,2,7,"(100, 10000, 2)","s100,v10000,p2",10000,100,260,"(1, 0, 2)",257.5,call_genotype_mask,real_data/data/WGS/chr22.zarr
zstd,2,7,"(1000, 10000, 2)","s1000,v10000,p2",10000,1000,30,"(1, 0, 2)",252.6,call_genotype_mask,real_data/data/WGS/chr22.zarr
zstd,2,7,"(100, 10000, 2)","s100,v10000,p2",10000,100,260,"(1, 0, 2)",252.5,call_genotype_mask,real_data/data/WGS/chr22.zarr
zstd,2,7,"(1000, 2, 10000)","s1000,p2,v10000",10000,1000,30,"(1, 2, 0)",250.4,call_genotype_mask,real_data/data/WGS/chr22.zarr
zstd,2,7,"(100, 2, 10000)","s100,p2,v10000",10000,100,260,"(1, 2, 0)",249.5,call_genotype_mask,real_data/data/WGS/chr22.zarr
zstd+PackBits,0,7,"(100, 1000, 2)","s100,v1000,p2",1000,100,2522,"(1, 0, 2)",245.9,call_genotype_mask,real_data/data/WGS/chr22.zarr
zstd+PackBits,2,7,"(100, 1000, 2)","s100,v1000,p2",1000,100,2522,"(1, 0, 2)",245.9,call_genotype_mask,real_data/data/WGS/chr22.zarr
zstd+PackBits,1,7,"(100, 1000, 2)","s100,v1000,p2",1000,100,2522,"(1, 0, 2)",245.9,call_genotype_mask,real_data/data/WGS/chr22.zarr
zstd,2,7,"(100, 1000, 2)","s100,v1000,p2",1000,100,2522,"(1, 0, 2)",243.7,call_genotype_mask,real_data/data/WGS/chr22.zarr
zstd+PackBits,2,7,"(100, 2, 1000)","s100,p2,v1000",1000,100,2522,"(1, 2, 0)",237.0,call_genotype_mask,real_data/data/WGS/chr22.zarr
zstd+PackBits,1,7,"(100, 2, 1000)","s100,p2,v1000",1000,100,2522,"(1, 2, 0)",237.0,call_genotype_mask,real_data/data/WGS/chr22.zarr
zstd+PackBits,0,7,"(100, 2, 1000)","s100,p2,v1000",1000,100,2522,"(1, 2, 0)",237.0,call_genotype_mask,real_data/data/WGS/chr22.zarr
zstd+PackBits,0,7,"(2, 1000, 100)","p2,v1000,s100",1000,100,2522,"(2, 0, 1)",235.3,call_genotype_mask,real_data/data/WGS/chr22.zarr
zstd+PackBits,1,7,"(2, 1000, 100)","p2,v1000,s100",1000,100,2522,"(2, 0, 1)",235.3,call_genotype_mask,real_data/data/WGS/chr22.zarr
zstd+PackBits,2,7,"(2, 1000, 100)","p2,v1000,s100",1000,100,2522,"(2, 0, 1)",235.3,call_genotype_mask,real_data/data/WGS/chr22.zarr
zstd,1,7,"(10000, 2, 1000)","v10000,p2,s1000",10000,1000,30,"(0, 2, 1)",235.1,call_genotype_mask,real_data/data/WGS/chr22.zarr
zstd,0,7,"(10000, 2, 1000)","v10000,p2,s1000",10000,1000,30,"(0, 2, 1)",235.1,call_genotype_mask,real_data/data/WGS/chr22.zarr
zstd,2,7,"(100, 2, 1000)","s100,p2,v1000",1000,100,2522,"(1, 2, 0)",234.9,call_genotype_mask,real_data/data/WGS/chr22.zarr
zstd,1,7,"(1000, 2, 1000)","v1000,p2,s1000",1000,1000,291,"(0, 2, 1)",234.4,call_genotype_mask,real_data/data/WGS/chr22.zarr
zstd,0,7,"(1000, 2, 1000)","v1000,p2,s1000",1000,1000,291,"(0, 2, 1)",234.4,call_genotype_mask,real_data/data/WGS/chr22.zarr
zstd,2,7,"(2, 1000, 100)","p2,v1000,s100",1000,100,2522,"(2, 0, 1)",231.0,call_genotype_mask,real_data/data/WGS/chr22.zarr
zstd+PackBits,2,7,"(10000, 1000, 2)","v10000,s1000,p2",10000,1000,30,"(0, 1, 2)",218.4,call_genotype_mask,real_data/data/WGS/chr22.zarr
zstd,1,7,"(10000, 2, 100)","v10000,p2,s100",10000,100,260,"(0, 2, 1)",208.3,call_genotype_mask,real_data/data/WGS/chr22.zarr
zstd,0,7,"(10000, 2, 100)","v10000,p2,s100",10000,100,260,"(0, 2, 1)",208.3,call_genotype_mask,real_data/data/WGS/chr22.zarr
zstd,1,7,"(2, 1000, 100)","p2,v1000,s100",1000,100,2522,"(2, 0, 1)",204.1,call_genotype_mask,real_data/data/WGS/chr22.zarr
zstd,0,7,"(2, 1000, 100)","p2,v1000,s100",1000,100,2522,"(2, 0, 1)",204.1,call_genotype_mask,real_data/data/WGS/chr22.zarr
zstd,1,7,"(10000, 1000, 2)","v10000,s1000,p2",10000,1000,30,"(0, 1, 2)",203.6,call_genotype_mask,real_data/data/WGS/chr22.zarr
zstd,0,7,"(10000, 1000, 2)","v10000,s1000,p2",10000,1000,30,"(0, 1, 2)",203.6,call_genotype_mask,real_data/data/WGS/chr22.zarr
zstd,1,7,"(1000, 1000, 2)","v1000,s1000,p2",1000,1000,291,"(0, 1, 2)",203.2,call_genotype_mask,real_data/data/WGS/chr22.zarr
zstd,0,7,"(1000, 1000, 2)","v1000,s1000,p2",1000,1000,291,"(0, 1, 2)",203.2,call_genotype_mask,real_data/data/WGS/chr22.zarr
zstd,1,7,"(2, 100, 1000)","p2,s100,v1000",1000,100,2522,"(2, 1, 0)",200.7,call_genotype_mask,real_data/data/WGS/chr22.zarr
zstd,0,7,"(2, 100, 1000)","p2,s100,v1000",1000,100,2522,"(2, 1, 0)",200.7,call_genotype_mask,real_data/data/WGS/chr22.zarr
zstd,0,7,"(10000, 100, 2)","v10000,s100,p2",10000,100,260,"(0, 1, 2)",199.9,call_genotype_mask,real_data/data/WGS/chr22.zarr
zstd,1,7,"(10000, 100, 2)","v10000,s100,p2",10000,100,260,"(0, 1, 2)",199.9,call_genotype_mask,real_data/data/WGS/chr22.zarr
zstd,0,7,"(1000, 1000, 2)","s1000,v1000,p2",1000,1000,291,"(1, 0, 2)",196.4,call_genotype_mask,real_data/data/WGS/chr22.zarr
zstd,1,7,"(1000, 1000, 2)","s1000,v1000,p2",1000,1000,291,"(1, 0, 2)",196.4,call_genotype_mask,real_data/data/WGS/chr22.zarr
zstd+PackBits,2,7,"(1000, 10000, 2)","s1000,v10000,p2",10000,1000,30,"(1, 0, 2)",193.2,call_genotype_mask,real_data/data/WGS/chr22.zarr
zstd,1,7,"(1000, 2, 1000)","s1000,p2,v1000",1000,1000,291,"(1, 2, 0)",188.1,call_genotype_mask,real_data/data/WGS/chr22.zarr
zstd,0,7,"(1000, 2, 1000)","s1000,p2,v1000",1000,1000,291,"(1, 2, 0)",188.1,call_genotype_mask,real_data/data/WGS/chr22.zarr
zstd,1,7,"(1000, 2, 10000)","s1000,p2,v10000",10000,1000,30,"(1, 2, 0)",184.9,call_genotype_mask,real_data/data/WGS/chr22.zarr
zstd,0,7,"(1000, 2, 10000)","s1000,p2,v10000",10000,1000,30,"(1, 2, 0)",184.9,call_genotype_mask,real_data/data/WGS/chr22.zarr
zstd,1,7,"(100, 2, 10000)","s100,p2,v10000",10000,100,260,"(1, 2, 0)",184.3,call_genotype_mask,real_data/data/WGS/chr22.zarr
zstd,0,7,"(100, 2, 10000)","s100,p2,v10000",10000,100,260,"(1, 2, 0)",184.3,call_genotype_mask,real_data/data/WGS/chr22.zarr
zstd,1,7,"(1000, 2, 100)","v1000,p2,s100",1000,100,2522,"(0, 2, 1)",181.2,call_genotype_mask,real_data/data/WGS/chr22.zarr
zstd,0,7,"(1000, 2, 100)","v1000,p2,s100",1000,100,2522,"(0, 2, 1)",181.2,call_genotype_mask,real_data/data/WGS/chr22.zarr
zstd+PackBits,2,7,"(10000, 2, 100)","v10000,p2,s100",10000,100,260,"(0, 2, 1)",178.2,call_genotype_mask,real_data/data/WGS/chr22.zarr
zstd+PackBits,1,7,"(10000, 2, 100)","v10000,p2,s100",10000,100,260,"(0, 2, 1)",178.2,call_genotype_mask,real_data/data/WGS/chr22.zarr
zstd+PackBits,0,7,"(10000, 2, 100)","v10000,p2,s100",10000,100,260,"(0, 2, 1)",178.2,call_genotype_mask,real_data/data/WGS/chr22.zarr
zstd,1,7,"(100, 1000, 2)","s100,v1000,p2",1000,100,2522,"(1, 0, 2)",172.4,call_genotype_mask,real_data/data/WGS/chr22.zarr
zstd,0,7,"(100, 1000, 2)","s100,v1000,p2",1000,100,2522,"(1, 0, 2)",172.4,call_genotype_mask,real_data/data/WGS/chr22.zarr
zstd,0,7,"(1000, 10000, 2)","s1000,v10000,p2",10000,1000,30,"(1, 0, 2)",172.0,call_genotype_mask,real_data/data/WGS/chr22.zarr
zstd,1,7,"(1000, 10000, 2)","s1000,v10000,p2",10000,1000,30,"(1, 0, 2)",172.0,call_genotype_mask,real_data/data/WGS/chr22.zarr
zstd,0,7,"(100, 10000, 2)","s100,v10000,p2",10000,100,260,"(1, 0, 2)",171.8,call_genotype_mask,real_data/data/WGS/chr22.zarr
zstd,1,7,"(100, 10000, 2)","s100,v10000,p2",10000,100,260,"(1, 0, 2)",171.8,call_genotype_mask,real_data/data/WGS/chr22.zarr
zstd,0,7,"(1000, 100, 2)","v1000,s100,p2",1000,100,2522,"(0, 1, 2)",171.0,call_genotype_mask,real_data/data/WGS/chr22.zarr
zstd,1,7,"(1000, 100, 2)","v1000,s100,p2",1000,100,2522,"(0, 1, 2)",171.0,call_genotype_mask,real_data/data/WGS/chr22.zarr
zstd,0,7,"(100, 2, 1000)","s100,p2,v1000",1000,100,2522,"(1, 2, 0)",168.9,call_genotype_mask,real_data/data/WGS/chr22.zarr
zstd,1,7,"(100, 2, 1000)","s100,p2,v1000",1000,100,2522,"(1, 2, 0)",168.9,call_genotype_mask,real_data/data/WGS/chr22.zarr
zstd,2,7,"(10000, 2, 100)","v10000,p2,s100",10000,100,260,"(0, 2, 1)",168.6,call_genotype_mask,real_data/data/WGS/chr22.zarr
zstd+PackBits,2,7,"(1000, 2, 100)","v1000,p2,s100",1000,100,2522,"(0, 2, 1)",164.6,call_genotype_mask,real_data/data/WGS/chr22.zarr
zstd+PackBits,0,7,"(1000, 2, 100)","v1000,p2,s100",1000,100,2522,"(0, 2, 1)",164.6,call_genotype_mask,real_data/data/WGS/chr22.zarr
zstd+PackBits,1,7,"(1000, 2, 100)","v1000,p2,s100",1000,100,2522,"(0, 2, 1)",164.6,call_genotype_mask,real_data/data/WGS/chr22.zarr
zstd+PackBits,1,7,"(2, 10000, 1000)","p2,v10000,s1000",10000,1000,30,"(2, 0, 1)",163.2,call_genotype_mask,real_data/data/WGS/chr22.zarr
zstd+PackBits,0,7,"(2, 10000, 1000)","p2,v10000,s1000",10000,1000,30,"(2, 0, 1)",163.2,call_genotype_mask,real_data/data/WGS/chr22.zarr
zstd,2,7,"(2, 1000, 1000)","p2,s1000,v1000",1000,1000,291,"(2, 1, 0)",162.6,call_genotype_mask,real_data/data/WGS/chr22.zarr
zstd,2,7,"(1000, 2, 100)","v1000,p2,s100",1000,100,2522,"(0, 2, 1)",162.5,call_genotype_mask,real_data/data/WGS/chr22.zarr
zstd,2,7,"(2, 10000, 1000)","p2,v10000,s1000",10000,1000,30,"(2, 0, 1)",159.8,call_genotype_mask,real_data/data/WGS/chr22.zarr
zstd,2,7,"(2, 1000, 1000)","p2,v1000,s1000",1000,1000,291,"(2, 0, 1)",159.4,call_genotype_mask,real_data/data/WGS/chr22.zarr
zstd+PackBits,0,7,"(2, 1000, 10000)","p2,s1000,v10000",10000,1000,30,"(2, 1, 0)",155.3,call_genotype_mask,real_data/data/WGS/chr22.zarr
zstd+PackBits,1,7,"(2, 1000, 10000)","p2,s1000,v10000",10000,1000,30,"(2, 1, 0)",155.3,call_genotype_mask,real_data/data/WGS/chr22.zarr
zstd,2,7,"(2, 1000, 10000)","p2,s1000,v10000",10000,1000,30,"(2, 1, 0)",142.0,call_genotype_mask,real_data/data/WGS/chr22.zarr
zstd,2,7,"(2, 100, 10000)","p2,s100,v10000",10000,100,260,"(2, 1, 0)",141.9,call_genotype_mask,real_data/data/WGS/chr22.zarr
zstd,0,7,"(2, 10000, 1000)","p2,v10000,s1000",10000,1000,30,"(2, 0, 1)",128.1,call_genotype_mask,real_data/data/WGS/chr22.zarr
zstd,1,7,"(2, 10000, 1000)","p2,v10000,s1000",10000,1000,30,"(2, 0, 1)",128.1,call_genotype_mask,real_data/data/WGS/chr22.zarr
zstd,1,7,"(2, 1000, 1000)","p2,v1000,s1000",1000,1000,291,"(2, 0, 1)",127.9,call_genotype_mask,real_data/data/WGS/chr22.zarr
zstd,0,7,"(2, 1000, 1000)","p2,v1000,s1000",1000,1000,291,"(2, 0, 1)",127.9,call_genotype_mask,real_data/data/WGS/chr22.zarr
zstd,2,7,"(2, 10000, 100)","p2,v10000,s100",10000,100,260,"(2, 0, 1)",126.5,call_genotype_mask,real_data/data/WGS/chr22.zarr
zstd+PackBits,2,7,"(10000, 2, 1000)","v10000,p2,s1000",10000,1000,30,"(0, 2, 1)",123.1,call_genotype_mask,real_data/data/WGS/chr22.zarr
zstd,1,7,"(2, 1000, 1000)","p2,s1000,v1000",1000,1000,291,"(2, 1, 0)",121.2,call_genotype_mask,real_data/data/WGS/chr22.zarr
zstd,0,7,"(2, 1000, 1000)","p2,s1000,v1000",1000,1000,291,"(2, 1, 0)",121.2,call_genotype_mask,real_data/data/WGS/chr22.zarr
zstd,0,7,"(2, 10000, 100)","p2,v10000,s100",10000,100,260,"(2, 0, 1)",120.1,call_genotype_mask,real_data/data/WGS/chr22.zarr
zstd,1,7,"(2, 10000, 100)","p2,v10000,s100",10000,100,260,"(2, 0, 1)",120.1,call_genotype_mask,real_data/data/WGS/chr22.zarr
zstd,0,7,"(2, 1000, 10000)","p2,s1000,v10000",10000,1000,30,"(2, 1, 0)",107.2,call_genotype_mask,real_data/data/WGS/chr22.zarr
zstd,1,7,"(2, 1000, 10000)","p2,s1000,v10000",10000,1000,30,"(2, 1, 0)",107.2,call_genotype_mask,real_data/data/WGS/chr22.zarr
zstd,0,7,"(2, 100, 10000)","p2,s100,v10000",10000,100,260,"(2, 1, 0)",107.0,call_genotype_mask,real_data/data/WGS/chr22.zarr
zstd,1,7,"(2, 100, 10000)","p2,s100,v10000",10000,100,260,"(2, 1, 0)",107.0,call_genotype_mask,real_data/data/WGS/chr22.zarr
zstd+PackBits,2,7,"(2, 10000, 1000)","p2,v10000,s1000",10000,1000,30,"(2, 0, 1)",102.4,call_genotype_mask,real_data/data/WGS/chr22.zarr
zstd+PackBits,2,7,"(1000, 2, 10000)","s1000,p2,v10000",10000,1000,30,"(1, 2, 0)",93.7,call_genotype_mask,real_data/data/WGS/chr22.zarr
zstd+PackBits,2,7,"(2, 1000, 10000)","p2,s1000,v10000",10000,1000,30,"(2, 1, 0)",88.6,call_genotype_mask,real_data/data/WGS/chr22.zarr
zstd+PackBits,2,7,"(1000, 10000)","s1000,v10000",10000,1000,30,"(1, 0)",55037.8,call_genotype_phased,real_data/data/WGS/chr22.zarr
zstd+PackBits,0,7,"(10000, 1000)","v10000,s1000",10000,1000,30,"(0, 1)",55037.8,call_genotype_phased,real_data/data/WGS/chr22.zarr
zstd+PackBits,2,7,"(10000, 1000)","v10000,s1000",10000,1000,30,"(0, 1)",55037.8,call_genotype_phased,real_data/data/WGS/chr22.zarr
zstd+PackBits,1,7,"(1000, 10000)","s1000,v10000",10000,1000,30,"(1, 0)",55037.8,call_genotype_phased,real_data/data/WGS/chr22.zarr
zstd+PackBits,1,7,"(10000, 1000)","v10000,s1000",10000,1000,30,"(0, 1)",55037.8,call_genotype_phased,real_data/data/WGS/chr22.zarr
zstd+PackBits,0,7,"(1000, 10000)","s1000,v10000",10000,1000,30,"(1, 0)",55037.8,call_genotype_phased,real_data/data/WGS/chr22.zarr
zstd+PackBits,1,7,"(10000, 100)","v10000,s100",10000,100,260,"(0, 1)",19972.8,call_genotype_phased,real_data/data/WGS/chr22.zarr
zstd+PackBits,0,7,"(10000, 100)","v10000,s100",10000,100,260,"(0, 1)",19972.8,call_genotype_phased,real_data/data/WGS/chr22.zarr
zstd+PackBits,1,7,"(100, 10000)","s100,v10000",10000,100,260,"(1, 0)",19972.8,call_genotype_phased,real_data/data/WGS/chr22.zarr
zstd+PackBits,2,7,"(10000, 100)","v10000,s100",10000,100,260,"(0, 1)",19972.8,call_genotype_phased,real_data/data/WGS/chr22.zarr
zstd+PackBits,2,7,"(100, 10000)","s100,v10000",10000,100,260,"(1, 0)",19972.8,call_genotype_phased,real_data/data/WGS/chr22.zarr
zstd+PackBits,0,7,"(100, 10000)","s100,v10000",10000,100,260,"(1, 0)",19972.8,call_genotype_phased,real_data/data/WGS/chr22.zarr
zstd+PackBits,1,7,"(1000, 1000)","v1000,s1000",1000,1000,291,"(0, 1)",17908.2,call_genotype_phased,real_data/data/WGS/chr22.zarr
zstd+PackBits,2,7,"(1000, 1000)","s1000,v1000",1000,1000,291,"(1, 0)",17908.2,call_genotype_phased,real_data/data/WGS/chr22.zarr
zstd+PackBits,2,7,"(1000, 1000)","v1000,s1000",1000,1000,291,"(0, 1)",17908.2,call_genotype_phased,real_data/data/WGS/chr22.zarr
zstd+PackBits,1,7,"(1000, 1000)","s1000,v1000",1000,1000,291,"(1, 0)",17908.2,call_genotype_phased,real_data/data/WGS/chr22.zarr
zstd+PackBits,0,7,"(1000, 1000)","s1000,v1000",1000,1000,291,"(1, 0)",17908.2,call_genotype_phased,real_data/data/WGS/chr22.zarr
zstd+PackBits,0,7,"(1000, 1000)","v1000,s1000",1000,1000,291,"(0, 1)",17908.2,call_genotype_phased,real_data/data/WGS/chr22.zarr
zstd,1,7,"(10000, 1000)","v10000,s1000",10000,1000,30,"(0, 1)",9448.0,call_genotype_phased,real_data/data/WGS/chr22.zarr
zstd,0,7,"(10000, 1000)","v10000,s1000",10000,1000,30,"(0, 1)",9448.0,call_genotype_phased,real_data/data/WGS/chr22.zarr
zstd,1,7,"(1000, 10000)","s1000,v10000",10000,1000,30,"(1, 0)",9448.0,call_genotype_phased,real_data/data/WGS/chr22.zarr
zstd,2,7,"(10000, 1000)","v10000,s1000",10000,1000,30,"(0, 1)",9448.0,call_genotype_phased,real_data/data/WGS/chr22.zarr
zstd,2,7,"(1000, 10000)","s1000,v10000",10000,1000,30,"(1, 0)",9448.0,call_genotype_phased,real_data/data/WGS/chr22.zarr
zstd,0,7,"(1000, 10000)","s1000,v10000",10000,1000,30,"(1, 0)",9448.0,call_genotype_phased,real_data/data/WGS/chr22.zarr
zstd,2,7,"(100, 10000)","s100,v10000",10000,100,260,"(1, 0)",9172.3,call_genotype_phased,real_data/data/WGS/chr22.zarr
zstd,2,7,"(10000, 100)","v10000,s100",10000,100,260,"(0, 1)",9172.3,call_genotype_phased,real_data/data/WGS/chr22.zarr
zstd,1,7,"(10000, 100)","v10000,s100",10000,100,260,"(0, 1)",9172.3,call_genotype_phased,real_data/data/WGS/chr22.zarr
zstd,1,7,"(100, 10000)","s100,v10000",10000,100,260,"(1, 0)",9172.3,call_genotype_phased,real_data/data/WGS/chr22.zarr
zstd,0,7,"(10000, 100)","v10000,s100",10000,100,260,"(0, 1)",9172.3,call_genotype_phased,real_data/data/WGS/chr22.zarr
zstd,0,7,"(100, 10000)","s100,v10000",10000,100,260,"(1, 0)",9172.3,call_genotype_phased,real_data/data/WGS/chr22.zarr
zstd,2,7,"(1000, 1000)","s1000,v1000",1000,1000,291,"(1, 0)",8206.7,call_genotype_phased,real_data/data/WGS/chr22.zarr
zstd,2,7,"(1000, 1000)","v1000,s1000",1000,1000,291,"(0, 1)",8206.7,call_genotype_phased,real_data/data/WGS/chr22.zarr
zstd,1,7,"(1000, 1000)","s1000,v1000",1000,1000,291,"(1, 0)",8206.7,call_genotype_phased,real_data/data/WGS/chr22.zarr
zstd,1,7,"(1000, 1000)","v1000,s1000",1000,1000,291,"(0, 1)",8206.7,call_genotype_phased,real_data/data/WGS/chr22.zarr
zstd,0,7,"(1000, 1000)","s1000,v1000",1000,1000,291,"(1, 0)",8206.7,call_genotype_phased,real_data/data/WGS/chr22.zarr
zstd,0,7,"(1000, 1000)","v1000,s1000",1000,1000,291,"(0, 1)",8206.7,call_genotype_phased,real_data/data/WGS/chr22.zarr
zstd+PackBits,2,7,"(100, 1000)","s100,v1000",1000,100,2522,"(1, 0)",2273.0,call_genotype_phased,real_data/data/WGS/chr22.zarr
zstd+PackBits,0,7,"(1000, 100)","v1000,s100",1000,100,2522,"(0, 1)",2273.0,call_genotype_phased,real_data/data/WGS/chr22.zarr
zstd+PackBits,2,7,"(1000, 100)","v1000,s100",1000,100,2522,"(0, 1)",2273.0,call_genotype_phased,real_data/data/WGS/chr22.zarr
zstd+PackBits,1,7,"(100, 1000)","s100,v1000",1000,100,2522,"(1, 0)",2273.0,call_genotype_phased,real_data/data/WGS/chr22.zarr
zstd+PackBits,0,7,"(100, 1000)","s100,v1000",1000,100,2522,"(1, 0)",2273.0,call_genotype_phased,real_data/data/WGS/chr22.zarr
zstd+PackBits,1,7,"(1000, 100)","v1000,s100",1000,100,2522,"(0, 1)",2273.0,call_genotype_phased,real_data/data/WGS/chr22.zarr
zstd,1,7,"(1000, 100)","v1000,s100",1000,100,2522,"(0, 1)",2123.0,call_genotype_phased,real_data/data/WGS/chr22.zarr
zstd,0,7,"(100, 1000)","s100,v1000",1000,100,2522,"(1, 0)",2123.0,call_genotype_phased,real_data/data/WGS/chr22.zarr
zstd,2,7,"(100, 1000)","s100,v1000",1000,100,2522,"(1, 0)",2123.0,call_genotype_phased,real_data/data/WGS/chr22.zarr
zstd,1,7,"(100, 1000)","s100,v1000",1000,100,2522,"(1, 0)",2123.0,call_genotype_phased,real_data/data/WGS/chr22.zarr
zstd,2,7,"(1000, 100)","v1000,s100",1000,100,2522,"(0, 1)",2123.0,call_genotype_phased,real_data/data/WGS/chr22.zarr
zstd,0,7,"(1000, 100)","v1000,s100",1000,100,2522,"(0, 1)",2123.0,call_genotype_phased,real_data/data/WGS/chr22.zarr
